ID,이전 file 값,image_file,처리,해상도,바이트
id_0001,id_0001.jpg,id_0001.jpg,원본 파일 연결,716x1000,221523
id_0002,id_0002.jpg,id_0002.jpg,원본 파일 연결,716x1000,213949
id_0003,id_0003.jpg,id_0003.jpg,원본 파일 연결,716x1000,215414
id_0004,id_0004.jpg,id_0004.jpg,원본 파일 연결,716x1000,160599
id_0005,id_0005.jpg,id_0005.jpg,원본 파일 연결,716x1000,183367
id_0006,id_0006.jpg,id_0006.jpg,원본 파일 연결,716x1000,168475
id_0007,id_0007.jpg,id_0007.jpg,원본 파일 연결,716x1000,196580
id_0008,id_0008.jpg,id_0008.jpg,원본 파일 연결,716x1000,255500
id_0009,id_0009.jpg,id_0009.jpg,원본 파일 연결,716x1000,166833
id_0010,id_0010.jpg,id_0010.jpg,원본 파일 연결,716x1000,199780
id_0011,id_0011.jpg,id_0011.jpg,원본 파일 연결,716x1000,219203
id_0012,id_0012.jpg,id_0012.jpg,원본 파일 연결,716x1000,257104
id_0013,id_0013.jpg,id_0013.jpg,원본 파일 연결,716x1000,221163
id_0014,id_0014.jpg,id_0014.jpg,원본 파일 연결,716x1000,198740
id_0015,id_0015.jpg,id_0015.jpg,원본 파일 연결,716x1000,198975
id_0016,id_0016.jpg,id_0016.jpg,원본 파일 연결,716x1000,221022
id_0017,id_0017.jpg,id_0017.jpg,원본 파일 연결,716x1000,216763
id_0018,id_0018.jpg,id_0018.jpg,원본 파일 연결,716x1000,263996
id_0019,id_0019.jpg,id_0019.jpg,원본 파일 연결,716x1000,207527
id_0020,id_0020.jpg,id_0020.jpg,원본 파일 연결,1000x716,154393
id_0021,id_0021.jpg,id_0021.jpg,원본 파일 연결,716x1000,229285
id_0022,id_0022.jpg,id_0022.jpg,원본 파일 연결,716x1000,216562
id_0023,id_0023.jpg,id_0023.jpg,원본 파일 연결,716x1000,181114
id_0024,id_0024.jpg,id_0024.jpg,원본 파일 연결,716x1000,241865
id_0025,id_0025.jpg,id_0025.jpg,원본 파일 연결,716x1000,206949
id_0026,id_0026.jpg,id_0026.jpg,원본 파일 연결,716x1000,208181
id_0027,id_0027.jpg,id_0027.jpg,원본 파일 연결,716x1000,195963
id_0028,id_0028.jpg,id_0028.jpg,원본 파일 연결,716x1000,227280
id_0029,id_0029.jpg,id_0029.jpg,원본 파일 연결,716x1000,189170
id_0030,id_0030.jpg,id_0030.jpg,원본 파일 연결,716x1000,172096
id_0031,id_0031.jpg,id_0031.jpg,원본 파일 연결,716x1000,238335
id_0032,id_0032.jpg,id_0032.jpg,원본 파일 연결,716x1000,230402
id_0033,id_0033.jpg,id_0033.jpg,원본 파일 연결,716x1000,272765
id_0034,id_0034.jpg,id_0034.jpg,원본 파일 연결,716x1000,236770
id_0035,id_0035.jpg,id_0035.jpg,원본 파일 연결,1000x716,189777
id_0036,id_0036.jpg,id_0036.jpg,원본 파일 연결,716x1000,182260
id_0037,id_0037.jpg,id_0037.jpg,원본 파일 연결,716x1000,200273
id_0038,id_0038.jpg,id_0038.jpg,원본 파일 연결,716x1000,232980
id_0039,id_0039.jpg,id_0039.jpg,원본 파일 연결,716x1000,184105
id_0040,id_0040.jpg,id_0040.jpg,원본 파일 연결,716x1000,227404
id_0041,id_0041.jpg,id_0041.jpg,원본 파일 연결,716x1000,196691
id_0042,id_0042.jpg,id_0042.jpg,원본 파일 연결,716x1000,219064
id_0043,id_0043.jpg,id_0043.jpg,원본 파일 연결,716x1000,221531
id_0044,id_0044.jpg,id_0044.jpg,원본 파일 연결,716x1000,223637
id_0045,id_0045.jpg,id_0045.jpg,원본 파일 연결,716x1000,233379
id_0046,id_0046.jpg,id_0046.jpg,원본 파일 연결,716x1000,192379
id_0047,id_0047.jpg,id_0047.jpg,원본 파일 연결,716x1000,217783
id_0048,id_0048.jpg,id_0048.jpg,원본 파일 연결,716x1000,246868
id_0049,id_0049.jpg,id_0049.jpg,원본 파일 연결,716x1000,207351
id_0050,id_0050.jpg,id_0050.jpg,원본 파일 연결,716x1000,234689
id_0051,id_0051.jpg,id_0051.jpg,원본 파일 연결,1000x716,303880
id_0052,id_0052.jpg,id_0052.jpg,원본 파일 연결,716x1000,198107
id_0053,id_0053.jpg,id_0053.jpg,원본 파일 연결,716x1000,192889
id_0054,id_0054.jpg,id_0054.jpg,원본 파일 연결,716x1000,197987
id_0055,id_0055.jpg,id_0055.jpg,원본 파일 연결,716x1000,208991
id_0056,id_0056.jpg,id_0056.jpg,원본 파일 연결,716x1000,162313
id_0057,id_0057.jpg,id_0057.jpg,원본 파일 연결,716x1000,179768
id_0058,id_0058.jpg,id_0058.jpg,원본 파일 연결,716x1000,236678
id_0059,id_0059.jpg,id_0059.jpg,원본 파일 연결,716x1000,161317
id_0060,id_0060.jpg,id_0060.jpg,원본 파일 연결,716x1000,190978
id_0061,id_0061.jpg,id_0061.jpg,원본 파일 연결,716x1000,202656
id_0062,id_0062.jpg,id_0062.jpg,원본 파일 연결,716x1000,238795
id_0063,id_0063.jpg,id_0063.jpg,원본 파일 연결,716x1000,224097
id_0064,id_0064.jpg,id_0064.jpg,원본 파일 연결,716x1000,207924
id_0065,id_0065.jpg,id_0065.jpg,원본 파일 연결,716x1000,176252
id_0066,id_0066.jpg,id_0066.jpg,원본 파일 연결,716x1000,191467
id_0067,id_0067.jpg,id_0067.jpg,원본 파일 연결,716x1000,174678
id_0068,id_0068.jpg,id_0068.jpg,원본 파일 연결,1000x716,211697
id_0069,id_0069.jpg,id_0069.jpg,원본 파일 연결,716x1000,184824
id_0070,id_0070.jpg,id_0070.jpg,원본 파일 연결,716x1000,197929
id_0071,id_0071.jpg,id_0071.jpg,원본 파일 연결,716x1000,233077
id_0072,id_0072.jpg,id_0072.jpg,원본 파일 연결,716x1000,171012
id_0073,id_0073.jpg,id_0073.jpg,원본 파일 연결,716x1000,237207
id_0074,id_0074.jpg,id_0074.jpg,원본 파일 연결,716x1000,214586
id_0075,id_0075.jpg,id_0075.jpg,원본 파일 연결,716x1000,185222
id_0076,id_0076.jpg,id_0076.jpg,원본 파일 연결,716x1000,191719
id_0077,id_0077.jpg,id_0077.jpg,원본 파일 연결,716x1000,207363
id_0078,id_0078.jpg,id_0078.jpg,원본 파일 연결,716x1000,235290
id_0079,id_0079.jpg,id_0079.jpg,원본 파일 연결,716x1000,194581
id_0080,id_0080.jpg,id_0080.jpg,원본 파일 연결,716x1000,196021
id_0081,id_0081.jpg,id_0081.jpg,원본 파일 연결,716x1000,193399
id_0082,id_0082.jpg,id_0082.jpg,원본 파일 연결,716x1000,229510
id_0083,id_0083.jpg,id_0083.jpg,원본 파일 연결,716x1000,235250
id_0084,id_0084.jpg,id_0084.jpg,원본 파일 연결,1000x716,173094
id_0085,id_0085.jpg,id_0085.jpg,원본 파일 연결,716x1000,146041
id_0086,id_0086.jpg,id_0086.jpg,원본 파일 연결,716x1000,335727
id_0087,id_0087.jpg,id_0087.jpg,원본 파일 연결,1000x716,177698
id_0088,id_0088.jpg,id_0088.jpg,원본 파일 연결,1000x716,200627
id_0089,id_0089.jpg,id_0089.jpg,원본 파일 연결,1000x716,196033
id_0090,id_0090.jpg,id_0090.jpg,원본 파일 연결,1000x716,234343
id_0091,id_0091.jpg,id_0091.jpg,원본 파일 연결,716x1000,177067
id_0092,id_0092.jpg,id_0092.jpg,원본 파일 연결,716x1000,216868
id_0093,id_0093.jpg,id_0093.jpg,원본 파일 연결,716x1000,192916
id_0094,id_0094.jpg,id_0094.jpg,원본 파일 연결,716x1000,202400
id_0095,id_0095.jpg,id_0095.jpg,원본 파일 연결,716x1000,191843
id_0096,id_0096.jpg,id_0096.jpg,원본 파일 연결,716x1000,176157
id_0097,id_0097.jpg,id_0097.jpg,원본 파일 연결,716x1000,248093
id_0098,id_0098.jpg,id_0098.jpg,원본 파일 연결,716x1000,217582
id_0099,id_0099.jpg,id_0099.jpg,원본 파일 연결,716x1000,226423
id_0100,id_0100.jpg,id_0100.jpg,원본 파일 연결,716x1000,190306
id_0101,id_0101.jpg,id_0101.jpg,원본 파일 연결,716x1000,189471
id_0102,id_0102.jpg,id_0102.jpg,원본 파일 연결,716x1000,217429
id_0103,id_0103.jpg,id_0103.jpg,원본 파일 연결,716x1000,253624
id_0104,id_0104.jpg,id_0104.jpg,원본 파일 연결,1000x716,217922
id_0105,id_0105.jpg,id_0105.jpg,원본 파일 연결,716x1000,210523
id_0106,id_0106.jpg,id_0106.jpg,원본 파일 연결,716x1000,195917
id_0107,id_0107.jpg,id_0107.jpg,원본 파일 연결,716x1000,198308
id_0108,id_0108.jpg,id_0108.jpg,원본 파일 연결,716x1000,220883
id_0109,id_0109.jpg,id_0109.jpg,원본 파일 연결,716x1000,236109
id_0110,id_0110.jpg,id_0110.jpg,원본 파일 연결,716x1000,194099
id_0111,id_0111.jpg,id_0111.jpg,원본 파일 연결,716x1000,176831
id_0112,id_0112.jpg,id_0112.jpg,원본 파일 연결,716x1000,194455
id_0113,id_0113.jpg,id_0113.jpg,원본 파일 연결,716x1000,225406
id_0114,id_0114.jpg,id_0114.jpg,원본 파일 연결,716x1000,230553
id_0115,id_0115.jpg,id_0115.jpg,원본 파일 연결,716x1000,239517
id_0116,id_0116.jpg,id_0116.jpg,원본 파일 연결,716x1000,275939
id_0117,id_0117.jpg,id_0117.jpg,원본 파일 연결,716x1000,163284
id_0118,id_0118.jpg,id_0118.jpg,원본 파일 연결,1000x716,304936
id_0119,id_0119.jpg,id_0119.jpg,원본 파일 연결,716x1000,248817
id_0120,id_0120.jpg,id_0120.jpg,원본 파일 연결,716x1000,227235
id_0121,id_0121.jpg,id_0121.jpg,원본 파일 연결,716x1000,221198
id_0122,id_0122.jpg,id_0122.jpg,원본 파일 연결,716x1000,244930
id_0123,id_0123.jpg,id_0123.jpg,원본 파일 연결,716x1000,230175
id_0124,id_0124.jpg,id_0124.jpg,원본 파일 연결,716x1000,208215
id_0125,id_0125.jpg,id_0125.jpg,원본 파일 연결,716x1000,219346
id_0126,id_0126.jpg,id_0126.jpg,원본 파일 연결,716x1000,165967
id_0127,id_0127.jpg,id_0127.jpg,원본 파일 연결,716x1000,210459
id_0128,id_0128.jpg,id_0128.jpg,원본 파일 연결,716x1000,216442
id_0129,id_0129.jpg,id_0129.jpg,원본 파일 연결,716x1000,241994
id_0130,id_0130.jpg,id_0130.jpg,원본 파일 연결,716x1000,282530
id_0131,id_0131.jpg,id_0131.jpg,원본 파일 연결,716x1000,191762
id_0132,id_0132.jpg,id_0132.jpg,원본 파일 연결,1000x716,261953
id_0133,id_0133.jpg,id_0133.jpg,원본 파일 연결,716x1000,202672
id_0134,id_0134.jpg,id_0134.jpg,원본 파일 연결,716x1000,154579
id_0135,id_0135.jpg,id_0135.jpg,원본 파일 연결,716x1000,194617
id_0136,id_0136.jpg,id_0136.jpg,원본 파일 연결,716x1000,216991
id_0137,id_0137.jpg,id_0137.jpg,원본 파일 연결,716x1000,208391
id_0138,id_0138.jpg,id_0138.jpg,원본 파일 연결,716x1000,257055
id_0139,id_0139.jpg,id_0139.jpg,원본 파일 연결,716x1000,195962
id_0140,id_0140.jpg,id_0140.jpg,원본 파일 연결,716x1000,220262
id_0141,id_0141.jpg,id_0141.jpg,원본 파일 연결,716x1000,198457
id_0142,id_0142.jpg,id_0142.jpg,원본 파일 연결,716x1000,217586
id_0143,id_0143.jpg,id_0143.jpg,원본 파일 연결,716x1000,259236
id_0144,id_0144.jpg,id_0144.jpg,원본 파일 연결,716x1000,232583
id_0145,id_0145.jpg,id_0145.jpg,원본 파일 연결,716x1000,216286
id_0146,id_0146.jpg,id_0146.jpg,원본 파일 연결,1000x716,172066
id_0147,id_0147.jpg,id_0147.jpg,원본 파일 연결,716x1000,159354
id_0148,id_0148.jpg,id_0148.jpg,원본 파일 연결,716x1000,199479
id_0149,id_0149.jpg,id_0149.jpg,원본 파일 연결,716x1000,206875
id_0150,id_0150.jpg,id_0150.jpg,원본 파일 연결,716x1000,216400
id_0151,id_0151.jpg,id_0151.jpg,원본 파일 연결,716x1000,219184
id_0152,id_0152.jpg,id_0152.jpg,원본 파일 연결,716x1000,211564
id_0153,id_0153.jpg,id_0153.jpg,원본 파일 연결,716x1000,200587
id_0154,id_0154.jpg,id_0154.jpg,원본 파일 연결,716x1000,153432
id_0155,id_0155.jpg,id_0155.jpg,원본 파일 연결,716x1000,205561
id_0156,id_0156.jpg,id_0156.jpg,원본 파일 연결,716x1000,214370
id_0157,id_0157.jpg,id_0157.jpg,원본 파일 연결,716x1000,204150
id_0158,id_0158.jpg,id_0158.jpg,원본 파일 연결,716x1000,195255
id_0159,id_0159.jpg,id_0159.jpg,원본 파일 연결,716x1000,272153
id_0160,id_0160.jpg,id_0160.jpg,원본 파일 연결,1000x716,173708
id_0161,id_0161.jpg,id_0161.jpg,원본 파일 연결,716x1000,285808
id_0162,id_0162.jpg,id_0162.jpg,원본 파일 연결,716x1000,208729
id_0163,id_0163.jpg,id_0163.jpg,원본 파일 연결,716x1000,197812
id_0164,id_0164.jpg,id_0164.jpg,원본 파일 연결,716x1000,236427
id_0165,id_0165.jpg,id_0165.jpg,원본 파일 연결,716x1000,193200
id_0166,id_0166.jpg,id_0166.jpg,원본 파일 연결,716x1000,230882
id_0167,id_0167.jpg,id_0167.jpg,원본 파일 연결,716x1000,188717
id_0168,id_0168.jpg,id_0168.jpg,원본 파일 연결,716x1000,194265
id_0169,id_0169.jpg,id_0169.jpg,원본 파일 연결,716x1000,178257
id_0170,id_0170.jpg,id_0170.jpg,원본 파일 연결,716x1000,198281
id_0171,id_0171.jpg,id_0171.jpg,원본 파일 연결,716x1000,232913
id_0172,id_0172.jpg,id_0172.jpg,원본 파일 연결,716x1000,220602
id_0173,id_0173.jpg,id_0173.jpg,원본 파일 연결,1000x716,266075
id_0174,id_0174.jpg,id_0174.jpg,원본 파일 연결,716x1000,256635
id_0175,id_0175.jpg,id_0175.jpg,원본 파일 연결,716x1000,238182
id_0176,id_0176.jpg,id_0176.jpg,원본 파일 연결,716x1000,262123
id_0177,id_0177.jpg,id_0177.jpg,원본 파일 연결,716x1000,214593
id_0178,id_0178.jpg,id_0178.jpg,원본 파일 연결,716x1000,234041
id_0179,id_0179.jpg,id_0179.jpg,원본 파일 연결,716x1000,185687
id_0180,id_0180.jpg,id_0180.jpg,원본 파일 연결,716x1000,174680
id_0181,id_0181.jpg,id_0181.jpg,원본 파일 연결,716x1000,182563
id_0182,id_0182.jpg,id_0182.jpg,원본 파일 연결,716x1000,180469
id_0183,id_0183.jpg,id_0183.jpg,원본 파일 연결,716x1000,201892
id_0184,id_0184.jpg,id_0184.jpg,원본 파일 연결,716x1000,200724
id_0185,id_0185.jpg,id_0185.jpg,원본 파일 연결,716x1000,201855
id_0186,id_0186.jpg,id_0186.jpg,원본 파일 연결,716x1000,271931
id_0187,id_0187.jpg,id_0187.jpg,원본 파일 연결,1000x716,254228
id_0188,id_0188.jpg,id_0188.jpg,원본 파일 연결,716x1000,231952
id_0189,id_0189.jpg,id_0189.jpg,원본 파일 연결,716x1000,204793
id_0190,id_0190.jpg,id_0190.jpg,원본 파일 연결,716x1000,246273
id_0191,id_0191.jpg,id_0191.jpg,원본 파일 연결,716x1000,195702
id_0192,id_0192.jpg,id_0192.jpg,원본 파일 연결,716x1000,175641
id_0193,id_0193.jpg,id_0193.jpg,원본 파일 연결,716x1000,235018
id_0194,id_0194.jpg,id_0194.jpg,원본 파일 연결,716x1000,165085
id_0195,id_0195.jpg,id_0195.jpg,원본 파일 연결,716x1000,215017
id_0196,id_0196.jpg,id_0196.jpg,원본 파일 연결,716x1000,187609
id_0197,id_0197.jpg,id_0197.jpg,원본 파일 연결,716x1000,166028
id_0198,id_0198.jpg,id_0198.jpg,원본 파일 연결,716x1000,209396
id_0199,id_0199.jpg,id_0199.jpg,원본 파일 연결,716x1000,209530
id_0200,id_0200.jpg,id_0200.jpg,원본 파일 연결,716x1000,206552
id_0201,id_0201.jpg,id_0201.jpg,원본 파일 연결,716x1000,235614
id_0202,id_0202.jpg,id_0202.jpg,원본 파일 연결,716x1000,299713
id_0203,id_0203.jpg,id_0203.jpg,원본 파일 연결,716x1000,270552
id_0204,id_0204.jpg,id_0204.jpg,원본 파일 연결,1000x716,242063
id_0205,id_0205.jpg,id_0205.jpg,원본 파일 연결,716x1000,215633
id_0206,id_0206.jpg,id_0206.jpg,원본 파일 연결,716x1000,215001
id_0207,id_0207.jpg,id_0207.jpg,원본 파일 연결,716x1000,202625
id_0208,id_0208.jpg,id_0208.jpg,원본 파일 연결,716x1000,214424
id_0209,id_0209.jpg,id_0209.jpg,원본 파일 연결,716x1000,219996
id_0210,id_0210.jpg,id_0210.jpg,원본 파일 연결,716x1000,233328
id_0211,id_0211.jpg,id_0211.jpg,원본 파일 연결,716x1000,222110
id_0212,id_0212.jpg,id_0212.jpg,원본 파일 연결,716x1000,207787
id_0213,id_0213.jpg,id_0213.jpg,원본 파일 연결,716x1000,226495
id_0214,id_0214.jpg,id_0214.jpg,원본 파일 연결,716x1000,191586
id_0215,id_0215.jpg,id_0215.jpg,원본 파일 연결,716x1000,218190
id_0216,id_0216.jpg,id_0216.jpg,원본 파일 연결,716x1000,197243
id_0217,id_0217.jpg,id_0217.jpg,원본 파일 연결,716x1000,257752
id_0218,id_0218.jpg,id_0218.jpg,원본 파일 연결,716x1000,249100
id_0219,id_0219.jpg,id_0219.jpg,원본 파일 연결,1000x716,344770
id_0220,id_0220.jpg,id_0220.jpg,원본 파일 연결,716x1000,240766
id_0221,id_0221.jpg,id_0221.jpg,원본 파일 연결,716x1000,219012
id_0222,id_0222.jpg,id_0222.jpg,원본 파일 연결,716x1000,205961
id_0223,id_0223.jpg,id_0223.jpg,원본 파일 연결,716x1000,180315
id_0224,id_0224.jpg,id_0224.jpg,원본 파일 연결,716x1000,229562
id_0225,id_0225.jpg,id_0225.jpg,원본 파일 연결,716x1000,199309
id_0226,id_0226.jpg,id_0226.jpg,원본 파일 연결,716x1000,180877
id_0227,id_0227.jpg,id_0227.jpg,원본 파일 연결,716x1000,201266
id_0228,id_0228.jpg,id_0228.jpg,원본 파일 연결,716x1000,222465
id_0229,id_0229.jpg,id_0229.jpg,원본 파일 연결,716x1000,205408
id_0230,id_0230.jpg,id_0230.jpg,원본 파일 연결,716x1000,242380
id_0231,id_0231.jpg,id_0231.jpg,원본 파일 연결,716x1000,297065
id_0232,id_0232.jpg,id_0232.jpg,원본 파일 연결,1000x716,265666
id_0233,id_0233.jpg,id_0233.jpg,원본 파일 연결,716x1000,230565
id_0234,id_0234.jpg,id_0234.jpg,원본 파일 연결,716x1000,194866
id_0235,id_0235.jpg,id_0235.jpg,원본 파일 연결,716x1000,179172
id_0236,id_0236.jpg,id_0236.jpg,원본 파일 연결,716x1000,174433
id_0237,id_0237.jpg,id_0237.jpg,원본 파일 연결,716x1000,194398
id_0238,id_0238.jpg,id_0238.jpg,원본 파일 연결,716x1000,188305
id_0239,id_0239.jpg,id_0239.jpg,원본 파일 연결,716x1000,209594
id_0240,id_0240.jpg,id_0240.jpg,원본 파일 연결,716x1000,186319
id_0241,id_0241.jpg,id_0241.jpg,원본 파일 연결,716x1000,194332
id_0242,id_0242.jpg,id_0242.jpg,원본 파일 연결,716x1000,183855
id_0243,id_0243.jpg,id_0243.jpg,원본 파일 연결,716x1000,176597
id_0244,id_0244.jpg,id_0244.jpg,원본 파일 연결,716x1000,272760
id_0245,id_0245.jpg,id_0245.jpg,원본 파일 연결,716x1000,275826
id_0246,id_0246.jpg,id_0246.jpg,원본 파일 연결,1000x716,274637
id_0247,id_0247.jpg,id_0247.jpg,원본 파일 연결,716x1000,199260
id_0248,id_0248.jpg,id_0248.jpg,원본 파일 연결,716x1000,183596
id_0249,id_0249.jpg,id_0249.jpg,원본 파일 연결,716x1000,238145
id_0250,id_0250.jpg,id_0250.jpg,원본 파일 연결,1000x716,261980
id_0251,id_0251.jpg,id_0251.jpg,원본 파일 연결,1000x716,252809
id_0252,id_0252.jpg,id_0252.jpg,원본 파일 연결,1000x716,287624
id_0253,id_0253.jpg,id_0253.jpg,원본 파일 연결,716x1000,213727
id_0254,id_0254.jpg,id_0254.jpg,원본 파일 연결,716x1000,213055
id_0255,id_0255.jpg,id_0255.jpg,원본 파일 연결,716x1000,252515
id_0256,id_0256.jpg,id_0256.jpg,원본 파일 연결,716x1000,206766
id_0257,id_0257.jpg,id_0257.jpg,원본 파일 연결,716x1000,282596
id_0258,id_0258.jpg,id_0258.jpg,원본 파일 연결,1000x716,247653
id_0259,id_0259.jpg,id_0259.jpg,원본 파일 연결,716x1000,231236
id_0260,id_0260.jpg,id_0260.jpg,원본 파일 연결,716x1000,316516
id_0261,id_0261.jpg,id_0261.jpg,원본 파일 연결,716x1000,265210
id_0262,id_0262.jpg,id_0262.jpg,원본 파일 연결,716x1000,238902
id_0263,id_0263.jpg,id_0263.jpg,원본 파일 연결,716x1000,197597
id_0264,id_0264.jpg,id_0264.jpg,원본 파일 연결,716x1000,268440
id_0265,id_0265.jpg,id_0265.jpg,원본 파일 연결,716x1000,241735
id_0266,id_0266.jpg,id_0266.jpg,원본 파일 연결,716x1000,220590
id_0267,id_0267.jpg,id_0267.jpg,원본 파일 연결,716x1000,215826
id_0268,id_0268.jpg,id_0268.jpg,원본 파일 연결,716x1000,199020
id_0269,id_0269.jpg,id_0269.jpg,원본 파일 연결,716x1000,207063
id_0270,id_0270.jpg,id_0270.jpg,원본 파일 연결,716x1000,202950
id_0271,id_0271.jpg,id_0271.jpg,원본 파일 연결,716x1000,193186
id_0272,id_0272.jpg,id_0272.jpg,원본 파일 연결,716x1000,182682
id_0273,id_0273.jpg,id_0273.jpg,원본 파일 연결,716x1000,230500
id_0274,id_0274.jpg,id_0274.jpg,원본 파일 연결,716x1000,194801
id_0275,id_0275.jpg,id_0275.jpg,원본 파일 연결,716x1000,211121
id_0276,id_0276.jpg,id_0276.jpg,원본 파일 연결,716x1000,209966
id_0277,id_0277.jpg,id_0277.jpg,원본 파일 연결,716x1000,211097
id_0278,id_0278.jpg,id_0278.jpg,원본 파일 연결,716x1000,220187
id_0279,id_0279.jpg,id_0279.jpg,원본 파일 연결,716x1000,197950
id_0280,id_0280.jpg,id_0280.jpg,원본 파일 연결,716x1000,238353
id_0281,id_0281.jpg,id_0281.jpg,원본 파일 연결,716x1000,219687
id_0282,id_0282.jpg,id_0282.jpg,원본 파일 연결,716x1000,217392
id_0283,id_0283.jpg,id_0283.jpg,원본 파일 연결,716x1000,260900
id_0284,id_0284.jpg,id_0284.jpg,원본 파일 연결,716x1000,280334
id_0285,id_0285.jpg,id_0285.jpg,원본 파일 연결,716x1000,247917
id_0286,id_0286.jpg,id_0286.jpg,원본 파일 연결,716x1000,230239
id_0287,id_0287.jpg,id_0287.jpg,원본 파일 연결,716x1000,182974
id_0288,id_0288.jpg,id_0288.jpg,원본 파일 연결,716x1000,200283
id_0289,id_0289.jpg,id_0289.jpg,원본 파일 연결,716x1000,197671
id_0290,id_0290.jpg,id_0290.jpg,원본 파일 연결,716x1000,216404
id_0291,id_0291.jpg,id_0291.jpg,원본 파일 연결,716x1000,225783
id_0292,id_0292.jpg,id_0292.jpg,원본 파일 연결,716x1000,200261
id_0293,id_0293.jpg,id_0293.jpg,원본 파일 연결,716x1000,211505
id_0294,id_0294.jpg,id_0294.jpg,원본 파일 연결,716x1000,180363
id_0295,id_0295.jpg,id_0295.jpg,원본 파일 연결,716x1000,208466
id_0296,id_0296.jpg,id_0296.jpg,원본 파일 연결,716x1000,205255
id_0297,id_0297.jpg,id_0297.jpg,원본 파일 연결,716x1000,173452
id_0298,id_0298.jpg,id_0298.jpg,원본 파일 연결,716x1000,226423
id_0299,id_0299.jpg,id_0299.jpg,원본 파일 연결,716x1000,257773
id_0300,id_0300.jpg,id_0300.jpg,원본 파일 연결,716x1000,176439
id_0301,id_0301.jpg,id_0301.jpg,원본 파일 연결,716x1000,193534
id_0302,id_0302.jpg,id_0302.jpg,원본 파일 연결,716x1000,216535
id_0303,id_0303.jpg,id_0303.jpg,원본 파일 연결,716x1000,169328
id_0304,id_0304.jpg,id_0304.jpg,원본 파일 연결,716x1000,168987
id_0305,id_0305.jpg,id_0305.jpg,원본 파일 연결,716x1000,201075
id_0306,id_0306.jpg,id_0306.jpg,원본 파일 연결,716x1000,214324
id_0307,id_0307.jpg,id_0307.jpg,원본 파일 연결,716x1000,197539
id_0308,id_0308.jpg,id_0308.jpg,원본 파일 연결,716x1000,196613
id_0309,id_0309.jpg,id_0309.jpg,원본 파일 연결,716x1000,200172
id_0310,id_0310.jpg,id_0310.jpg,원본 파일 연결,716x1000,188053
id_0311,id_0311.jpg,id_0311.jpg,원본 파일 연결,716x1000,222498
id_0312,id_0312.jpg,id_0312.jpg,원본 파일 연결,716x1000,180616
id_0313,id_0313.jpg,id_0313.jpg,원본 파일 연결,716x1000,198427
id_0314,id_0314.jpg,id_0314.jpg,원본 파일 연결,716x1000,197086
id_0315,id_0315.jpg,id_0315.jpg,원본 파일 연결,716x1000,200057
id_0316,id_0316.jpg,id_0316.jpg,원본 파일 연결,716x1000,202639
id_0317,id_0317.jpg,id_0317.jpg,원본 파일 연결,716x1000,241674
id_0318,id_0318.jpg,id_0318.jpg,원본 파일 연결,716x1000,290901
id_0319,id_0319.jpg,id_0319.jpg,원본 파일 연결,716x1000,223960
id_0320,id_0320.jpg,id_0320.jpg,원본 파일 연결,716x1000,186673
id_0321,id_0321.jpg,id_0321.jpg,원본 파일 연결,716x1000,223341
id_0322,id_0322.jpg,id_0322.jpg,원본 파일 연결,716x1000,200873
id_0323,id_0323.jpg,id_0323.jpg,원본 파일 연결,716x1000,201817
id_0324,id_0324.jpg,id_0324.jpg,원본 파일 연결,716x1000,239463
id_0325,id_0325.jpg,id_0325.jpg,원본 파일 연결,716x1000,222248
id_0326,id_0326.jpg,id_0326.jpg,원본 파일 연결,716x1000,153611
id_0327,id_0327.jpg,id_0327.jpg,원본 파일 연결,716x1000,194102
id_0328,id_0328.jpg,id_0328.jpg,원본 파일 연결,716x1000,204721
id_0329,id_0329.jpg,id_0329.jpg,원본 파일 연결,716x1000,216029
id_0330,id_0330.jpg,id_0330.jpg,원본 파일 연결,716x1000,207315
id_0331,id_0331.jpg,id_0331.jpg,원본 파일 연결,716x1000,213300
id_0332,id_0332.jpg,id_0332.jpg,원본 파일 연결,716x1000,210824
id_0333,id_0333.jpg,id_0333.jpg,원본 파일 연결,716x1000,196249
id_0334,id_0334.jpg,id_0334.jpg,원본 파일 연결,716x1000,289299
id_0335,id_0335.jpg,id_0335.jpg,원본 파일 연결,716x1000,272452
id_0336,id_0336.jpg,id_0336.jpg,원본 파일 연결,716x1000,239905
id_0337,id_0337.jpg,id_0337.jpg,원본 파일 연결,716x1000,253236
id_0338,id_0338.jpg,id_0338.jpg,원본 파일 연결,716x1000,224487
id_0339,id_0339.jpg,id_0339.jpg,원본 파일 연결,716x1000,213880
id_0340,id_0340.jpg,id_0340.jpg,원본 파일 연결,716x1000,219623
id_0341,id_0341.jpg,id_0341.jpg,원본 파일 연결,716x1000,241782
id_0342,id_0342.jpg,id_0342.jpg,원본 파일 연결,716x1000,187707
id_0343,id_0343.jpg,id_0343.jpg,원본 파일 연결,716x1000,193920
id_0344,id_0344.jpg,id_0344.jpg,원본 파일 연결,716x1000,193945
id_0345,id_0345.jpg,id_0345.jpg,원본 파일 연결,716x1000,198693
id_0346,id_0346.jpg,id_0346.jpg,원본 파일 연결,716x1000,199361
id_0347,id_0347.jpg,id_0347.jpg,원본 파일 연결,716x1000,241487
id_0348,id_0348.jpg,id_0348.jpg,원본 파일 연결,716x1000,236438
id_0349,id_0349.jpg,id_0349.jpg,원본 파일 연결,716x1000,215044
id_0350,id_0350.jpg,id_0350.jpg,원본 파일 연결,716x1000,246415
id_0351,id_0351.jpg,id_0351.jpg,원본 파일 연결,716x1000,197373
id_0352,id_0352.jpg,id_0352.jpg,원본 파일 연결,716x1000,212051
id_0353,id_0353.jpg,id_0353.jpg,원본 파일 연결,716x1000,229076
id_0354,id_0354.jpg,id_0354.jpg,원본 파일 연결,716x1000,209888
id_0355,id_0355.jpg,id_0355.jpg,원본 파일 연결,716x1000,225071
id_0356,id_0356.jpg,id_0356.jpg,원본 파일 연결,716x1000,231034
id_0357,id_0357.jpg,id_0357.jpg,원본 파일 연결,716x1000,281040
id_0358,id_0358.jpg,id_0358.jpg,원본 파일 연결,716x1000,268031
id_0359,id_0359.jpg,id_0359.jpg,원본 파일 연결,716x1000,196101
id_0360,id_0360.jpg,id_0360.jpg,원본 파일 연결,716x1000,223925
id_0361,id_0361.jpg,id_0361.jpg,원본 파일 연결,716x1000,216190
id_0362,id_0362.jpg,id_0362.jpg,원본 파일 연결,716x1000,209967
id_0363,id_0363.jpg,id_0363.jpg,원본 파일 연결,716x1000,175515
id_0364,id_0364.jpg,id_0364.jpg,원본 파일 연결,716x1000,210621
id_0365,id_0365.jpg,id_0365.jpg,원본 파일 연결,716x1000,188798
id_0366,id_0366.jpg,id_0366.jpg,원본 파일 연결,716x1000,156030
id_0367,id_0367.jpg,id_0367.jpg,원본 파일 연결,716x1000,201104
id_0368,id_0368.jpg,id_0368.jpg,원본 파일 연결,716x1000,154775
id_0369,id_0369.jpg,id_0369.jpg,원본 파일 연결,716x1000,210437
id_0370,id_0370.jpg,id_0370.jpg,원본 파일 연결,716x1000,148050
id_0371,id_0371.jpg,id_0371.jpg,원본 파일 연결,716x1000,233554
id_0372,id_0372.jpg,id_0372.jpg,원본 파일 연결,716x1000,184877
id_0373,id_0373.jpg,id_0373.jpg,원본 파일 연결,716x1000,185012
id_0374,id_0374.jpg,id_0374.jpg,원본 파일 연결,716x1000,164567
id_0375,id_0375.jpg,id_0375.jpg,원본 파일 연결,716x1000,244928
id_0376,id_0376.jpg,id_0376.jpg,원본 파일 연결,716x1000,209867
id_0377,id_0377.jpg,id_0377.jpg,원본 파일 연결,716x1000,212696
id_0378,id_0378.jpg,id_0378.jpg,원본 파일 연결,716x1000,221812
id_0379,id_0379.jpg,id_0379.jpg,원본 파일 연결,716x1000,195521
id_0380,id_0380.jpg,id_0380.jpg,원본 파일 연결,716x1000,205405
id_0381,id_0381.jpg,id_0381.jpg,원본 파일 연결,716x1000,261565
id_0382,id_0382.jpg,id_0382.jpg,원본 파일 연결,716x1000,230441
id_0383,id_0383.jpg,id_0383.jpg,원본 파일 연결,716x1000,276784
id_0384,id_0384.jpg,id_0384.jpg,원본 파일 연결,1000x716,319458
id_0385,id_0385.jpg,id_0385.jpg,원본 파일 연결,1000x716,212665
id_0386,id_0386.jpg,id_0386.jpg,원본 파일 연결,1000x716,261437
id_0387,id_0387.jpg,id_0387.jpg,원본 파일 연결,1000x716,341999
id_0388,id_0388.jpg,id_0388.jpg,원본 파일 연결,716x1000,192515
id_0389,id_0389.jpg,id_0389.jpg,원본 파일 연결,716x1000,211114
id_0390,id_0390.jpg,id_0390.jpg,원본 파일 연결,716x1000,226009
id_0391,id_0391.jpg,id_0391.jpg,원본 파일 연결,716x1000,226113
id_0392,id_0392.jpg,id_0392.jpg,원본 파일 연결,716x1000,172263
id_0393,id_0393.jpg,id_0393.jpg,원본 파일 연결,716x1000,188074
id_0394,id_0394.jpg,id_0394.jpg,원본 파일 연결,716x1000,197478
id_0395,id_0395.jpg,id_0395.jpg,원본 파일 연결,716x1000,187236
id_0396,id_0396.jpg,id_0396.jpg,원본 파일 연결,716x1000,202760
id_0397,id_0397.jpg,id_0397.jpg,원본 파일 연결,716x1000,244247
id_0398,id_0398.jpg,id_0398.jpg,원본 파일 연결,1000x716,278640
id_0399,id_0399.jpg,id_0399.jpg,원본 파일 연결,716x1000,228136
id_0400,id_0400.jpg,id_0400.jpg,원본 파일 연결,716x1000,227400
id_0401,id_0401.jpg,id_0401.jpg,원본 파일 연결,716x1000,205628
id_0402,id_0402.jpg,id_0402.jpg,원본 파일 연결,716x1000,212702
id_0403,id_0403.jpg,id_0403.jpg,원본 파일 연결,716x1000,221626
id_0404,id_0404.jpg,id_0404.jpg,원본 파일 연결,716x1000,247437
id_0405,id_0405.jpg,id_0405.jpg,원본 파일 연결,716x1000,219604
id_0406,id_0406.jpg,id_0406.jpg,원본 파일 연결,716x1000,245350
id_0407,id_0407.jpg,id_0407.jpg,원본 파일 연결,1000x716,271568
id_0408,id_0408.jpg,id_0408.jpg,원본 파일 연결,716x1000,253939
id_0409,id_0409.jpg,id_0409.jpg,원본 파일 연결,716x1000,236588
id_0410,id_0410.jpg,id_0410.jpg,원본 파일 연결,716x1000,203087
id_0411,id_0411.jpg,id_0411.jpg,원본 파일 연결,716x1000,198319
id_0412,id_0412.jpg,id_0412.jpg,원본 파일 연결,716x1000,189706
id_0413,id_0413.jpg,id_0413.jpg,원본 파일 연결,716x1000,181849
id_0414,id_0414.jpg,id_0414.jpg,원본 파일 연결,716x1000,214907
id_0415,id_0415.jpg,id_0415.jpg,원본 파일 연결,716x1000,177930
id_0416,id_0416.jpg,id_0416.jpg,원본 파일 연결,716x1000,197558
id_0417,id_0417.jpg,id_0417.jpg,원본 파일 연결,716x1000,216226
id_0418,id_0418.jpg,id_0418.jpg,원본 파일 연결,716x1000,205654
id_0419,id_0419.jpg,id_0419.jpg,원본 파일 연결,716x1000,223354
id_0420,id_0420.jpg,id_0420.jpg,원본 파일 연결,716x1000,217261
id_0421,id_0421.jpg,id_0421.jpg,원본 파일 연결,716x1000,209331
id_0422,id_0422.jpg,id_0422.jpg,원본 파일 연결,716x1000,206639
id_0423,id_0423.jpg,id_0423.jpg,원본 파일 연결,716x1000,216687
id_0424,id_0424.jpg,id_0424.jpg,원본 파일 연결,716x1000,201611
id_0425,id_0425.jpg,id_0425.jpg,원본 파일 연결,716x1000,217535
id_0426,id_0426.jpg,id_0426.jpg,원본 파일 연결,716x1000,186637
id_0427,id_0427.jpg,id_0427.jpg,원본 파일 연결,716x1000,267155
id_0428,id_0428.jpg,id_0428.jpg,원본 파일 연결,716x1000,239371
id_0429,id_0429.jpg,id_0429.jpg,원본 파일 연결,716x1000,208538
id_0430,id_0430.jpg,id_0430.jpg,원본 파일 연결,716x1000,226092
id_0431,id_0431.jpg,id_0431.jpg,원본 파일 연결,716x1000,178824
id_0432,id_0432.jpg,id_0432.jpg,원본 파일 연결,716x1000,207757
id_0433,id_0433.jpg,id_0433.jpg,원본 파일 연결,716x1000,199328
id_0434,id_0434.jpg,id_0434.jpg,원본 파일 연결,716x1000,204766
id_0435,id_0435.jpg,id_0435.jpg,원본 파일 연결,716x1000,204770
id_0436,id_0436.jpg,id_0436.jpg,원본 파일 연결,716x1000,192147
id_0437,id_0437.jpg,id_0437.jpg,원본 파일 연결,716x1000,229616
id_0438,id_0438.jpg,id_0438.jpg,원본 파일 연결,716x1000,248634
id_0439,id_0439.jpg,id_0439.jpg,원본 파일 연결,716x1000,224882
id_0440,id_0440.jpg,id_0440.jpg,원본 파일 연결,716x1000,221952
id_0441,id_0441.jpg,id_0441.jpg,원본 파일 연결,716x1000,197812
id_0442,id_0442.jpg,id_0442.jpg,원본 파일 연결,716x1000,210037
id_0443,id_0443.jpg,id_0443.jpg,원본 파일 연결,716x1000,230875
id_0444,id_0444.jpg,id_0444.jpg,원본 파일 연결,716x1000,168728
id_0445,id_0445.jpg,id_0445.jpg,원본 파일 연결,716x1000,203095
id_0446,id_0446.jpg,id_0446.jpg,원본 파일 연결,716x1000,221133
id_0447,id_0447.jpg,id_0447.jpg,원본 파일 연결,716x1000,221065
id_0448,id_0448.jpg,id_0448.jpg,원본 파일 연결,716x1000,167719
id_0449,id_0449.jpg,id_0449.jpg,원본 파일 연결,716x1000,220747
id_0450,id_0450.jpg,id_0450.jpg,원본 파일 연결,716x1000,203591
id_0451,id_0451.jpg,id_0451.jpg,원본 파일 연결,716x1000,259937
id_0452,id_0452.jpg,id_0452.jpg,원본 파일 연결,716x1000,312737
id_0453,id_0453.jpg,id_0453.jpg,원본 파일 연결,716x1000,222742
id_0454,id_0454.jpg,id_0454.jpg,원본 파일 연결,716x1000,215652
id_0455,id_0455.jpg,id_0455.jpg,원본 파일 연결,716x1000,215832
id_0456,id_0456.jpg,id_0456.jpg,원본 파일 연결,716x1000,217767
id_0457,id_0457.jpg,id_0457.jpg,원본 파일 연결,716x1000,230872
id_0458,id_0458.jpg,id_0458.jpg,원본 파일 연결,716x1000,191486
id_0459,id_0459.jpg,id_0459.jpg,원본 파일 연결,716x1000,214988
id_0460,id_0460.jpg,id_0460.jpg,원본 파일 연결,716x1000,227225
id_0461,id_0461.jpg,id_0461.jpg,원본 파일 연결,716x1000,276344
id_0462,id_0462.jpg,id_0462.jpg,원본 파일 연결,716x1000,221471
id_0463,id_0463.jpg,id_0463.jpg,원본 파일 연결,716x1000,189444
id_0464,id_0464.jpg,id_0464.jpg,원본 파일 연결,716x1000,220155
id_0465,id_0465.jpg,id_0465.jpg,원본 파일 연결,716x1000,203186
id_0466,id_0466.jpg,id_0466.jpg,원본 파일 연결,716x1000,192972
id_0467,id_0467.jpg,id_0467.jpg,원본 파일 연결,716x1000,214748
id_0468,id_0468.jpg,id_0468.jpg,원본 파일 연결,716x1000,264952
id_0469,id_0469.jpg,id_0469.jpg,원본 파일 연결,716x1000,235003
id_0470,id_0470.jpg,id_0470.jpg,원본 파일 연결,716x1000,203819
id_0471,id_0471.jpg,id_0471.jpg,원본 파일 연결,716x1000,184478
id_0472,id_0472.jpg,id_0472.jpg,원본 파일 연결,716x1000,197284
id_0473,id_0473.jpg,id_0473.jpg,원본 파일 연결,716x1000,213535
id_0474,id_0474.jpg,id_0474.jpg,원본 파일 연결,716x1000,210024
id_0475,id_0475.jpg,id_0475.jpg,원본 파일 연결,716x1000,199988
id_0476,id_0476.jpg,id_0476.jpg,원본 파일 연결,716x1000,191810
id_0477,id_0477.jpg,id_0477.jpg,원본 파일 연결,716x1000,174603
id_0478,id_0478.jpg,id_0478.jpg,원본 파일 연결,716x1000,347126
id_0479,id_0479.jpg,id_0479.jpg,원본 파일 연결,1000x716,220806
id_0480,id_0480.jpg,id_0480.jpg,원본 파일 연결,716x1000,231173
id_0481,id_0481.jpg,id_0481.jpg,원본 파일 연결,716x1000,245004
id_0482,id_0482.jpg,id_0482.jpg,원본 파일 연결,716x1000,225053
id_0483,id_0483.jpg,id_0483.jpg,원본 파일 연결,716x1000,203480
id_0484,id_0484.jpg,id_0484.jpg,원본 파일 연결,716x1000,266697
id_0485,id_0485.jpg,id_0485.jpg,원본 파일 연결,716x1000,236754
id_0486,id_0486.jpg,id_0486.jpg,원본 파일 연결,716x1000,232595
id_0487,id_0487.jpg,id_0487.jpg,원본 파일 연결,716x1000,217710
id_0488,id_0488.jpg,id_0488.jpg,원본 파일 연결,716x1000,216858
id_0489,id_0489.jpg,id_0489.jpg,원본 파일 연결,716x1000,223363
id_0490,id_0490.jpg,id_0490.jpg,원본 파일 연결,716x1000,214093
id_0491,id_0491.jpg,id_0491.jpg,원본 파일 연결,716x1000,214378
id_0492,id_0492.jpg,id_0492.jpg,원본 파일 연결,716x1000,186121
id_0493,id_0493.jpg,id_0493.jpg,원본 파일 연결,716x1000,218619
id_0494,id_0494.jpg,id_0494.jpg,원본 파일 연결,716x1000,181951
id_0495,id_0495.jpg,id_0495.jpg,원본 파일 연결,716x1000,165883
id_0496,id_0496.jpg,id_0496.jpg,원본 파일 연결,716x1000,169036
id_0497,id_0497.jpg,id_0497.jpg,원본 파일 연결,716x1000,178936
id_0498,id_0498.jpg,id_0498.jpg,원본 파일 연결,716x1000,307253
id_0499,id_0499.jpg,id_0499.jpg,원본 파일 연결,1000x716,294329
id_0500,id_0500.jpg,id_0500.jpg,원본 파일 연결,716x1000,197178
id_0501,id_0501.jpg,id_0501.jpg,원본 파일 연결,716x1000,223385
id_0502,id_0502.jpg,id_0502.jpg,원본 파일 연결,716x1000,165056
id_0503,id_0503.jpg,id_0503.jpg,원본 파일 연결,716x1000,205826
id_0504,id_0504.jpg,id_0504.jpg,원본 파일 연결,716x1000,188771
id_0505,id_0505.jpg,id_0505.jpg,원본 파일 연결,716x1000,235642
id_0506,id_0506.jpg,id_0506.jpg,원본 파일 연결,716x1000,221037
id_0507,id_0507.jpg,id_0507.jpg,원본 파일 연결,716x1000,191452
id_0508,id_0508.jpg,id_0508.jpg,원본 파일 연결,716x1000,195945
id_0509,id_0509.jpg,id_0509.jpg,원본 파일 연결,716x1000,255125
id_0510,id_0510.jpg,id_0510.jpg,원본 파일 연결,1000x716,368263
id_0511,id_0511.jpg,id_0511.jpg,원본 파일 연결,716x1000,243890
id_0512,id_0512.jpg,id_0512.jpg,원본 파일 연결,716x1000,243867
id_0513,id_0513.jpg,id_0513.jpg,원본 파일 연결,716x1000,247468
id_0514,id_0514.jpg,id_0514.jpg,원본 파일 연결,716x1000,231002
id_0515,id_0515.jpg,id_0515.jpg,원본 파일 연결,716x1000,235803
id_0516,id_0516.jpg,id_0516.jpg,원본 파일 연결,716x1000,213842
id_0517,id_0517.jpg,id_0517.jpg,원본 파일 연결,716x1000,172705
id_0518,id_0518.jpg,id_0518.jpg,원본 파일 연결,716x1000,219513
id_0519,id_0519.jpg,id_0519.jpg,원본 파일 연결,716x1000,195415
id_0520,id_0520.jpg,id_0520.jpg,원본 파일 연결,716x1000,222611
id_0521,id_0521.jpg,id_0521.jpg,원본 파일 연결,716x1000,224069
id_0522,id_0522.jpg,id_0522.jpg,원본 파일 연결,716x1000,205306
id_0523,id_0523.jpg,id_0523.jpg,원본 파일 연결,716x1000,196528
id_0524,id_0524.jpg,id_0524.jpg,원본 파일 연결,716x1000,211608
id_0525,id_0525.jpg,id_0525.jpg,원본 파일 연결,716x1000,178373
id_0526,id_0526.jpg,id_0526.jpg,원본 파일 연결,716x1000,225172
id_0527,id_0527.jpg,id_0527.jpg,원본 파일 연결,716x1000,192096
id_0528,id_0528.jpg,id_0528.jpg,원본 파일 연결,716x1000,225788
id_0529,id_0529.jpg,id_0529.jpg,원본 파일 연결,716x1000,233379
id_0530,id_0530.jpg,id_0530.jpg,원본 파일 연결,1000x716,248071
id_0531,id_0531.jpg,id_0531.jpg,원본 파일 연결,716x1000,227187
id_0532,id_0532.jpg,id_0532.jpg,원본 파일 연결,716x1000,228484
id_0533,id_0533.jpg,id_0533.jpg,원본 파일 연결,716x1000,231530
id_0534,id_0534.jpg,id_0534.jpg,원본 파일 연결,716x1000,180975
id_0535,id_0535.jpg,id_0535.jpg,원본 파일 연결,716x1000,231815
id_0536,id_0536.jpg,id_0536.jpg,원본 파일 연결,716x1000,213738
id_0537,id_0537.jpg,id_0537.jpg,원본 파일 연결,716x1000,178070
id_0538,id_0538.jpg,id_0538.jpg,원본 파일 연결,716x1000,197499
id_0539,id_0539.jpg,id_0539.jpg,원본 파일 연결,716x1000,186849
id_0540,id_0540.jpg,id_0540.jpg,원본 파일 연결,716x1000,199433
id_0541,id_0541.jpg,id_0541.jpg,원본 파일 연결,716x1000,199927
id_0542,id_0542.jpg,id_0542.jpg,원본 파일 연결,716x1000,264776
id_0543,id_0543.jpg,id_0543.jpg,원본 파일 연결,716x1000,219576
id_0544,id_0544.jpg,id_0544.jpg,원본 파일 연결,716x1000,186991
id_0545,id_0545.jpg,id_0545.jpg,원본 파일 연결,716x1000,256790
id_0546,id_0546.jpg,id_0546.jpg,원본 파일 연결,716x1000,302265
id_0547,id_0547.jpg,id_0547.jpg,원본 파일 연결,716x1000,255782
id_0548,id_0548.jpg,id_0548.jpg,원본 파일 연결,716x1000,237170
id_0549,id_0549.jpg,id_0549.jpg,원본 파일 연결,716x1000,196419
id_0550,id_0550.jpg,id_0550.jpg,원본 파일 연결,716x1000,202726
id_0551,id_0551.jpg,id_0551.jpg,원본 파일 연결,716x1000,227902
id_0552,id_0552.jpg,id_0552.jpg,원본 파일 연결,716x1000,214558
id_0553,id_0553.jpg,id_0553.jpg,원본 파일 연결,716x1000,200293
id_0554,id_0554.jpg,id_0554.jpg,원본 파일 연결,716x1000,230430
id_0555,id_0555.jpg,id_0555.jpg,원본 파일 연결,716x1000,168861
id_0556,id_0556.jpg,id_0556.jpg,원본 파일 연결,716x1000,181838
id_0557,id_0557.jpg,id_0557.jpg,원본 파일 연결,716x1000,208997
id_0558,id_0558.jpg,id_0558.jpg,원본 파일 연결,716x1000,189129
id_0559,id_0559.jpg,id_0559.jpg,원본 파일 연결,716x1000,176827
id_0560,id_0560.jpg,id_0560.jpg,원본 파일 연결,716x1000,177915
id_0561,id_0561.jpg,id_0561.jpg,원본 파일 연결,716x1000,235674
id_0562,id_0562.jpg,id_0562.jpg,원본 파일 연결,716x1000,179798
id_0563,id_0563.jpg,id_0563.jpg,원본 파일 연결,716x1000,267624
id_0564,id_0564.jpg,id_0564.jpg,원본 파일 연결,716x1000,280695
id_0565,id_0565.jpg,id_0565.jpg,원본 파일 연결,1000x716,294434
id_0566,id_0566.jpg,id_0566.jpg,원본 파일 연결,716x1000,233369
id_0567,id_0567.jpg,id_0567.jpg,원본 파일 연결,716x1000,245682
id_0568,id_0568.jpg,id_0568.jpg,원본 파일 연결,716x1000,207136
id_0569,id_0569.jpg,id_0569.jpg,원본 파일 연결,716x1000,242226
id_0570,id_0570.jpg,id_0570.jpg,원본 파일 연결,716x1000,215598
id_0571,id_0571.jpg,id_0571.jpg,원본 파일 연결,716x1000,210754
id_0572,id_0572.jpg,id_0572.jpg,원본 파일 연결,716x1000,246390
id_0573,id_0573.jpg,id_0573.jpg,원본 파일 연결,716x1000,210195
id_0574,id_0574.jpg,id_0574.jpg,원본 파일 연결,716x1000,206455
id_0575,id_0575.jpg,id_0575.jpg,원본 파일 연결,716x1000,201651
id_0576,id_0576.jpg,id_0576.jpg,원본 파일 연결,716x1000,209833
id_0577,id_0577.jpg,id_0577.jpg,원본 파일 연결,716x1000,226635
id_0578,id_0578.jpg,id_0578.jpg,원본 파일 연결,716x1000,235175
id_0579,id_0579.jpg,id_0579.jpg,원본 파일 연결,716x1000,221113
id_0580,id_0580.jpg,id_0580.jpg,원본 파일 연결,716x1000,226734
id_0581,id_0581.jpg,id_0581.jpg,원본 파일 연결,716x1000,290086
id_0582,id_0582.jpg,id_0582.jpg,원본 파일 연결,716x1000,228971
id_0583,id_0583.jpg,id_0583.jpg,원본 파일 연결,1000x716,322538
id_0584,id_0584.jpg,id_0584.jpg,원본 파일 연결,716x1000,243890
id_0585,id_0585.jpg,id_0585.jpg,원본 파일 연결,716x1000,204900
id_0586,id_0586.jpg,id_0586.jpg,원본 파일 연결,716x1000,240748
id_0587,id_0587.jpg,id_0587.jpg,원본 파일 연결,716x1000,219753
id_0588,id_0588.jpg,id_0588.jpg,원본 파일 연결,716x1000,240566
id_0589,id_0589.jpg,id_0589.jpg,원본 파일 연결,716x1000,219516
id_0590,id_0590.jpg,id_0590.jpg,원본 파일 연결,716x1000,214148
id_0591,id_0591.jpg,id_0591.jpg,원본 파일 연결,716x1000,208802
id_0592,id_0592.jpg,id_0592.jpg,원본 파일 연결,716x1000,220222
id_0593,id_0593.jpg,id_0593.jpg,원본 파일 연결,716x1000,234334
id_0594,id_0594.jpg,id_0594.jpg,원본 파일 연결,716x1000,197280
id_0595,id_0595.jpg,id_0595.jpg,원본 파일 연결,716x1000,232359
id_0596,id_0596.jpg,id_0596.jpg,원본 파일 연결,716x1000,213196
id_0597,id_0597.jpg,id_0597.jpg,원본 파일 연결,716x1000,211133
id_0598,id_0598.jpg,id_0598.jpg,원본 파일 연결,716x1000,208279
id_0599,id_0599.jpg,id_0599.jpg,원본 파일 연결,716x1000,196323
id_0600,id_0600.jpg,id_0600.jpg,원본 파일 연결,716x1000,240550
id_0601,id_0601.jpg,id_0601.jpg,원본 파일 연결,716x1000,218811
id_0602,id_0602.jpg,id_0602.jpg,원본 파일 연결,716x1000,218375
id_0603,id_0603.jpg,id_0603.jpg,원본 파일 연결,716x1000,192513
id_0604,id_0604.jpg,id_0604.jpg,원본 파일 연결,716x1000,207055
id_0605,id_0605.jpg,id_0605.jpg,원본 파일 연결,716x1000,195963
id_0606,id_0606.jpg,id_0606.jpg,원본 파일 연결,716x1000,175373
id_0607,id_0607.jpg,id_0607.jpg,원본 파일 연결,716x1000,232359
id_0608,id_0608.jpg,id_0608.jpg,원본 파일 연결,716x1000,195013
id_0609,id_0609.jpg,id_0609.jpg,원본 파일 연결,716x1000,188508
id_0610,id_0610.jpg,id_0610.jpg,원본 파일 연결,716x1000,194049
id_0611,id_0611.jpg,id_0611.jpg,원본 파일 연결,716x1000,184067
id_0612,id_0612.jpg,id_0612.jpg,원본 파일 연결,716x1000,199208
id_0613,id_0613.jpg,id_0613.jpg,원본 파일 연결,716x1000,240861
id_0614,id_0614.jpg,id_0614.jpg,원본 파일 연결,1000x716,261017
id_0615,id_0615.jpg,id_0615.jpg,원본 파일 연결,1000x716,337207
id_0616,id_0616.jpg,id_0616.jpg,원본 파일 연결,1000x716,345454
id_0618,id_0618.jpg,id_0618.jpg,원본 파일 연결,716x1000,281723
id_0619,id_0619.jpg,id_0619.jpg,원본 파일 연결,716x1000,205983
id_0620,id_0620.jpg,id_0620.jpg,원본 파일 연결,716x1000,237681
id_0621,id_0621.jpg,id_0621.jpg,원본 파일 연결,716x1000,249141
id_0622,id_0622.jpg,id_0622.jpg,원본 파일 연결,716x1000,197502
id_0623,id_0623.jpg,id_0623.jpg,원본 파일 연결,716x1000,206118
id_0624,id_0624.jpg,id_0624.jpg,원본 파일 연결,716x1000,221370
id_0625,id_0625.jpg,id_0625.jpg,원본 파일 연결,716x1000,284802
id_0626,id_0626.jpg,id_0626.jpg,원본 파일 연결,716x1000,209839
id_0627,id_0627.jpg,id_0627.jpg,원본 파일 연결,716x1000,177771
id_0628,id_0628.jpg,id_0628.jpg,원본 파일 연결,716x1000,261059
id_0629,id_0629.jpg,id_0629.jpg,원본 파일 연결,716x1000,253834
id_0630,id_0630.jpg,id_0630.jpg,원본 파일 연결,716x1000,223747
id_0631,id_0631.jpg,id_0631.jpg,원본 파일 연결,716x1000,248960
id_0632,id_0632.jpg,id_0632.jpg,원본 파일 연결,716x1000,203842
id_0633,id_0633.jpg,id_0633.jpg,원본 파일 연결,716x1000,198478
id_0634,id_0634.jpg,id_0634.jpg,원본 파일 연결,716x1000,185214
id_0635,id_0635.jpg,id_0635.jpg,원본 파일 연결,716x1000,185238
id_0636,id_0636.jpg,id_0636.jpg,원본 파일 연결,716x1000,207115
id_0637,id_0637.jpg,id_0637.jpg,원본 파일 연결,716x1000,224799
id_0638,id_0638.jpg,id_0638.jpg,원본 파일 연결,716x1000,324022
id_0639,id_0639.jpg,id_0639.jpg,원본 파일 연결,716x1000,321500
id_0640,id_0640.jpg,id_0640.jpg,원본 파일 연결,716x1000,262926
id_0641,id_0641.jpg,id_0641.jpg,원본 파일 연결,716x1000,256190
id_0642,id_0642.jpg,id_0642.jpg,원본 파일 연결,716x1000,276264
id_0643,id_0643.jpg,id_0643.jpg,원본 파일 연결,716x1000,267576
id_0644,id_0644.jpg,id_0644.jpg,원본 파일 연결,716x1000,232751
id_0645,id_0645.jpg,id_0645.jpg,원본 파일 연결,716x1000,175661
id_0646,id_0646.jpg,id_0646.jpg,원본 파일 연결,716x1000,259158
id_0647,id_0647.jpg,id_0647.jpg,원본 파일 연결,716x1000,180097
id_0648,id_0648.jpg,id_0648.jpg,원본 파일 연결,716x1000,251799
id_0649,id_0649.jpg,id_0649.jpg,원본 파일 연결,716x1000,228156
id_0650,id_0650.jpg,id_0650.jpg,원본 파일 연결,716x1000,226897
id_0651,id_0651.jpg,id_0651.jpg,원본 파일 연결,716x1000,223776
id_0652,id_0652.jpg,id_0652.jpg,원본 파일 연결,716x1000,217826
id_0653,id_0653.jpg,id_0653.jpg,원본 파일 연결,716x1000,226385
id_0654,id_0654.jpg,id_0654.jpg,원본 파일 연결,716x1000,214655
id_0655,id_0655.jpg,id_0655.jpg,원본 파일 연결,716x1000,243416
id_0656,id_0656.jpg,id_0656.jpg,원본 파일 연결,716x1000,292261
id_0657,id_0657.jpg,id_0657.jpg,원본 파일 연결,716x1000,289151
id_0658,id_0658.jpg,id_0658.jpg,원본 파일 연결,716x1000,281758
id_0659,id_0659.jpg,id_0659.jpg,원본 파일 연결,1000x716,354409
id_0660,id_0660.jpg,id_0660.jpg,원본 파일 연결,716x1000,252424
id_0661,id_0661.jpg,id_0661.jpg,원본 파일 연결,716x1000,225929
id_0662,id_0662.jpg,id_0662.jpg,원본 파일 연결,716x1000,182944
id_0663,id_0663.jpg,id_0663.jpg,원본 파일 연결,716x1000,215346
id_0664,id_0664.jpg,id_0664.jpg,원본 파일 연결,716x1000,214038
id_0665,id_0665.jpg,id_0665.jpg,원본 파일 연결,716x1000,270459
id_0666,id_0666.jpg,id_0666.jpg,원본 파일 연결,1000x716,267412
id_0667,id_0667.jpg,id_0667.jpg,원본 파일 연결,716x1000,236846
id_0668,id_0668.jpg,id_0668.jpg,원본 파일 연결,716x1000,313709
id_0669,id_0669.jpg,id_0669.jpg,원본 파일 연결,716x1000,236526
id_0670,id_0670.jpg,id_0670.jpg,원본 파일 연결,716x1000,242043
id_0671,id_0671.jpg,id_0671.jpg,원본 파일 연결,716x1000,194745
id_0672,id_0672.jpg,id_0672.jpg,원본 파일 연결,716x1000,266429
id_0673,id_0673.jpg,id_0673.jpg,원본 파일 연결,716x1000,245034
id_0674,id_0674.jpg,id_0674.jpg,원본 파일 연결,716x1000,218499
id_0675,id_0675.jpg,id_0675.jpg,원본 파일 연결,716x1000,240529
id_0676,id_0676.jpg,id_0676.jpg,원본 파일 연결,716x1000,250208
id_0677,id_0677.jpg,id_0677.jpg,원본 파일 연결,716x1000,135875
id_0678,id_0678.jpg,id_0678.jpg,원본 파일 연결,716x1000,243923
id_0679,id_0679.jpg,id_0679.jpg,원본 파일 연결,716x1000,250535
id_0680,id_0680.jpg,id_0680.jpg,원본 파일 연결,716x1000,220240
id_0681,id_0681.jpg,id_0681.jpg,원본 파일 연결,716x1000,230468
id_0682,id_0682.jpg,id_0682.jpg,원본 파일 연결,716x1000,201065
id_0683,id_0683.jpg,id_0683.jpg,원본 파일 연결,716x1000,264461
id_0684,id_0684.jpg,id_0684.jpg,원본 파일 연결,716x1000,280524
id_0685,id_0685.jpg,id_0685.jpg,원본 파일 연결,716x1000,257239
id_0686,id_0686.jpg,id_0686.jpg,원본 파일 연결,1000x716,307051
id_0687,id_0687.jpg,id_0687.jpg,원본 파일 연결,716x1000,257546
id_0688,id_0688.jpg,id_0688.jpg,원본 파일 연결,716x1000,233380
id_0689,id_0689.jpg,id_0689.jpg,원본 파일 연결,716x1000,245743
id_0690,id_0690.jpg,id_0690.jpg,원본 파일 연결,716x1000,226042
id_0691,id_0691.jpg,id_0691.jpg,원본 파일 연결,716x1000,236927
id_0692,id_0692.jpg,id_0692.jpg,원본 파일 연결,716x1000,222023
id_0693,id_0693.jpg,id_0693.jpg,원본 파일 연결,716x1000,282449
id_0694,id_0694.jpg,id_0694.jpg,원본 파일 연결,716x1000,287082
id_0695,id_0695.jpg,id_0695.jpg,원본 파일 연결,716x1000,207476
id_0696,id_0696.jpg,id_0696.jpg,원본 파일 연결,716x1000,245650
id_0697,id_0697.jpg,id_0697.jpg,원본 파일 연결,716x1000,234984
id_0698,id_0698.jpg,id_0698.jpg,원본 파일 연결,716x1000,211358
id_0699,id_0699.jpg,id_0699.jpg,원본 파일 연결,716x1000,219516
id_0700,id_0700.jpg,id_0700.jpg,원본 파일 연결,716x1000,208775
id_0701,id_0701.jpg,id_0701.jpg,원본 파일 연결,716x1000,191785
id_0702,id_0702.jpg,id_0702.jpg,원본 파일 연결,716x1000,323674
id_0703,id_0703.jpg,id_0703.jpg,원본 파일 연결,716x1000,247558
id_0704,id_0704.jpg,id_0704.jpg,원본 파일 연결,716x1000,222912
id_0705,id_0705.jpg,id_0705.jpg,원본 파일 연결,716x1000,213396
id_0706,id_0706.jpg,id_0706.jpg,원본 파일 연결,716x1000,192651
id_0707,id_0707.jpg,id_0707.jpg,원본 파일 연결,716x1000,206370
id_0708,id_0708.jpg,id_0708.jpg,원본 파일 연결,716x1000,183980
id_0709,id_0709.jpg,id_0709.jpg,원본 파일 연결,716x1000,241385
id_0710,id_0710.jpg,id_0710.jpg,원본 파일 연결,716x1000,201131
id_0711,id_0711.jpg,id_0711.jpg,원본 파일 연결,716x1000,228956
id_0712,id_0712.jpg,id_0712.jpg,원본 파일 연결,716x1000,204128
id_0713,id_0713.jpg,id_0713.jpg,원본 파일 연결,716x1000,247559
id_0714,id_0714.jpg,id_0714.jpg,원본 파일 연결,1000x716,328596
id_0715,id_0715.jpg,id_0715.jpg,원본 파일 연결,716x1000,261753
id_0716,id_0716.jpg,id_0716.jpg,원본 파일 연결,716x1000,232163
id_0717,id_0717.jpg,id_0717.jpg,원본 파일 연결,716x1000,198735
id_0718,id_0718.jpg,id_0718.jpg,원본 파일 연결,716x1000,221094
id_0719,id_0719.jpg,id_0719.jpg,원본 파일 연결,716x1000,200915
id_0720,id_0720.jpg,id_0720.jpg,원본 파일 연결,716x1000,190859
id_0721,id_0721.jpg,id_0721.jpg,원본 파일 연결,716x1000,237395
id_0722,id_0722.jpg,id_0722.jpg,원본 파일 연결,1000x716,273901
id_0723,id_0723.jpg,id_0723.jpg,원본 파일 연결,1000x716,264910
id_0724,id_0724.jpg,id_0724.jpg,원본 파일 연결,716x1000,295674
id_0725,id_0725.jpg,id_0725.jpg,원본 파일 연결,716x1000,257995
id_0726,id_0726.jpg,id_0726.jpg,원본 파일 연결,716x1000,259892
id_0727,id_0727.jpg,id_0727.jpg,원본 파일 연결,716x1000,289554
id_0728,id_0728.jpg,id_0728.jpg,원본 파일 연결,716x1000,220647
id_0729,id_0729.jpg,id_0729.jpg,원본 파일 연결,716x1000,243941
id_0730,id_0730.jpg,id_0730.jpg,원본 파일 연결,716x1000,229032
id_0731,id_0731.jpg,id_0731.jpg,원본 파일 연결,716x1000,251451
id_0732,id_0732.jpg,id_0732.jpg,원본 파일 연결,716x1000,215366
id_0733,id_0733.jpg,id_0733.jpg,원본 파일 연결,716x1000,240434
id_0734,id_0734.jpg,id_0734.jpg,원본 파일 연결,716x1000,247845
id_0735,id_0735.jpg,id_0735.jpg,원본 파일 연결,716x1000,230322
id_0736,id_0736.jpg,id_0736.jpg,원본 파일 연결,716x1000,224156
id_0737,id_0737.jpg,id_0737.jpg,원본 파일 연결,716x1000,239710
id_0738,id_0738.jpg,id_0738.jpg,원본 파일 연결,716x1000,238575
id_0739,id_0739.jpg,id_0739.jpg,원본 파일 연결,716x1000,193022
id_0740,id_0740.jpg,id_0740.jpg,원본 파일 연결,716x1000,241795
id_0741,id_0741.jpg,id_0741.jpg,원본 파일 연결,716x1000,197799
id_0742,id_0742.jpg,id_0742.jpg,원본 파일 연결,716x1000,231975
id_0743,id_0743.jpg,id_0743.jpg,원본 파일 연결,716x1000,203051
id_0744,id_0744.jpg,id_0744.jpg,원본 파일 연결,716x1000,222658
id_0745,id_0745.jpg,id_0745.jpg,원본 파일 연결,716x1000,266428
id_0746,id_0746.jpg,id_0746.jpg,원본 파일 연결,716x1000,214952
id_0747,id_0747.jpg,id_0747.jpg,원본 파일 연결,716x1000,263469
id_0748,id_0748.jpg,id_0748.jpg,원본 파일 연결,716x1000,215945
id_0749,id_0749.jpg,id_0749.jpg,원본 파일 연결,716x1000,232842
id_0750,id_0750.jpg,id_0750.jpg,원본 파일 연결,716x1000,231029
id_0751,id_0751.jpg,id_0751.jpg,원본 파일 연결,716x1000,201962
id_0752,id_0752.jpg,id_0752.jpg,원본 파일 연결,716x1000,203644
id_0753,id_0753.jpg,id_0753.jpg,원본 파일 연결,716x1000,189341
id_0754,id_0754.jpg,id_0754.jpg,원본 파일 연결,716x1000,225252
id_0755,id_0755.jpg,id_0755.jpg,원본 파일 연결,716x1000,187440
id_0756,id_0756.jpg,id_0756.jpg,원본 파일 연결,716x1000,212986
id_0757,id_0757.jpg,id_0757.jpg,원본 파일 연결,716x1000,236290
id_0758,id_0758.jpg,id_0758.jpg,원본 파일 연결,716x1000,229484
id_0759,id_0759.jpg,id_0759.jpg,원본 파일 연결,716x1000,261935
id_0760,id_0760.jpg,id_0760.jpg,원본 파일 연결,716x1000,242937
id_0761,id_0761.jpg,id_0761.jpg,원본 파일 연결,716x1000,168436
id_0762,id_0762.jpg,id_0762.jpg,원본 파일 연결,716x1000,235366
id_0763,id_0763.jpg,id_0763.jpg,원본 파일 연결,716x1000,219904
id_0764,id_0764.jpg,id_0764.jpg,원본 파일 연결,716x1000,224316
id_0765,id_0765.jpg,id_0765.jpg,원본 파일 연결,716x1000,229477
id_0766,id_0766.jpg,id_0766.jpg,원본 파일 연결,716x1000,205798
id_0767,id_0767.jpg,id_0767.jpg,원본 파일 연결,716x1000,216663
id_0768,id_0768.jpg,id_0768.jpg,원본 파일 연결,716x1000,243479
id_0769,id_0769.jpg,id_0769.jpg,원본 파일 연결,716x1000,219625
id_0770,id_0770.jpg,id_0770.jpg,원본 파일 연결,716x1000,222640
id_0771,id_0771.jpg,id_0771.jpg,원본 파일 연결,716x1000,200946
id_0772,id_0772.jpg,id_0772.jpg,원본 파일 연결,716x1000,206812
id_0773,id_0773.jpg,id_0773.jpg,원본 파일 연결,716x1000,222326
id_0774,id_0774.jpg,id_0774.jpg,원본 파일 연결,716x1000,217439
id_0775,id_0775.jpg,id_0775.jpg,원본 파일 연결,716x1000,198353
id_0776,id_0776.jpg,id_0776.jpg,원본 파일 연결,716x1000,245715
id_0777,id_0777.jpg,id_0777.jpg,원본 파일 연결,716x1000,191052
id_0778,id_0778.jpg,id_0778.jpg,원본 파일 연결,716x1000,186017
id_0779,id_0779.jpg,id_0779.jpg,원본 파일 연결,716x1000,210599
id_0780,id_0780.jpg,id_0780.jpg,원본 파일 연결,716x1000,210810
id_0781,id_0781.jpg,id_0781.jpg,원본 파일 연결,716x1000,207811
id_0782,id_0782.jpg,id_0782.jpg,원본 파일 연결,716x1000,210021
id_0783,id_0783.jpg,id_0783.jpg,원본 파일 연결,716x1000,316711
id_0784,id_0784.jpg,id_0784.jpg,원본 파일 연결,716x1000,264749
id_0785,id_0785.jpg,id_0785.jpg,원본 파일 연결,716x1000,234662
id_0786,id_0786.jpg,id_0786.jpg,원본 파일 연결,716x1000,234699
id_0787,id_0787.jpg,id_0787.jpg,원본 파일 연결,716x1000,254031
id_0788,id_0788.jpg,id_0788.jpg,원본 파일 연결,716x1000,217902
id_0789,id_0789.jpg,id_0789.jpg,원본 파일 연결,716x1000,246045
id_0790,id_0790.jpg,id_0790.jpg,원본 파일 연결,716x1000,264893
id_0791,id_0791.jpg,id_0791.jpg,원본 파일 연결,1000x716,283646
id_0792,id_0792.jpg,id_0792.jpg,원본 파일 연결,716x1000,218725
id_0793,id_0793.jpg,id_0793.jpg,원본 파일 연결,716x1000,187900
id_0794,id_0794.jpg,id_0794.jpg,원본 파일 연결,716x1000,229897
id_0795,id_0795.jpg,id_0795.jpg,원본 파일 연결,716x1000,257680
id_0796,id_0796.jpg,id_0796.jpg,원본 파일 연결,716x1000,220204
id_0797,id_0797.jpg,id_0797.jpg,원본 파일 연결,716x1000,255486
id_0798,id_0798.jpg,id_0798.jpg,원본 파일 연결,716x1000,227231
id_0799,id_0799.jpg,id_0799.jpg,원본 파일 연결,716x1000,219185
id_0800,id_0800.jpg,id_0800.jpg,원본 파일 연결,716x1000,212915
id_0801,id_0801.jpg,id_0801.jpg,원본 파일 연결,716x1000,221615
id_0802,id_0802.jpg,id_0802.jpg,원본 파일 연결,716x1000,256471
id_0803,id_0803.jpg,id_0803.jpg,원본 파일 연결,716x1000,220486
id_0804,id_0804.jpg,id_0804.jpg,원본 파일 연결,716x1000,216201
id_0805,id_0805.jpg,id_0805.jpg,원본 파일 연결,716x1000,286554
id_0806,id_0806.jpg,id_0806.jpg,원본 파일 연결,1000x716,273774
id_0807,id_0807.jpg,id_0807.jpg,원본 파일 연결,716x1000,266527
id_0808,id_0808.jpg,id_0808.jpg,원본 파일 연결,716x1000,213053
id_0809,id_0809.jpg,id_0809.jpg,원본 파일 연결,716x1000,229527
id_0810,id_0810.jpg,id_0810.jpg,원본 파일 연결,716x1000,206652
id_0811,id_0811.jpg,id_0811.jpg,원본 파일 연결,716x1000,230793
id_0812,id_0812.jpg,id_0812.jpg,원본 파일 연결,716x1000,237210
id_0813,id_0813.jpg,id_0813.jpg,원본 파일 연결,716x1000,214303
id_0814,id_0814.jpg,id_0814.jpg,원본 파일 연결,716x1000,225194
id_0815,id_0815.jpg,id_0815.jpg,원본 파일 연결,716x1000,221154
id_0816,id_0816.jpg,id_0816.jpg,원본 파일 연결,716x1000,200145
id_0817,id_0817.jpg,id_0817.jpg,원본 파일 연결,716x1000,228635
id_0818,id_0818.jpg,id_0818.jpg,원본 파일 연결,716x1000,244841
id_0819,id_0819.jpg,id_0819.jpg,원본 파일 연결,1000x716,332459
id_0820,id_0820.jpg,id_0820.jpg,원본 파일 연결,716x1000,252761
id_0821,id_0821.jpg,id_0821.jpg,원본 파일 연결,716x1000,201500
id_0822,id_0822.jpg,id_0822.jpg,원본 파일 연결,716x1000,189069
id_0823,id_0823.jpg,id_0823.jpg,원본 파일 연결,716x1000,196776
id_0824,id_0824.jpg,id_0824.jpg,원본 파일 연결,716x1000,203804
id_0825,id_0825.jpg,id_0825.jpg,원본 파일 연결,716x1000,235993
id_0826,id_0826.jpg,id_0826.jpg,원본 파일 연결,716x1000,191989
id_0827,id_0827.jpg,id_0827.jpg,원본 파일 연결,716x1000,199241
id_0828,id_0828.jpg,id_0828.jpg,원본 파일 연결,716x1000,175296
id_0829,id_0829.jpg,id_0829.jpg,원본 파일 연결,716x1000,176258
id_0830,id_0830.jpg,id_0830.jpg,원본 파일 연결,716x1000,221546
id_0831,id_0831.jpg,id_0831.jpg,원본 파일 연결,716x1000,249693
id_0832,id_0832.jpg,id_0832.jpg,원본 파일 연결,716x1000,223601
id_0833,id_0833.jpg,id_0833.jpg,원본 파일 연결,716x1000,234657
id_0834,id_0834.jpg,id_0834.jpg,원본 파일 연결,716x1000,240479
id_0835,id_0835.jpg,id_0835.jpg,원본 파일 연결,716x1000,228994
id_0836,id_0836.jpg,id_0836.jpg,원본 파일 연결,716x1000,184498
id_0837,id_0837.jpg,id_0837.jpg,원본 파일 연결,1000x716,273056
id_0838,id_0838.jpg,id_0838.jpg,원본 파일 연결,716x1000,225490
id_0839,id_0839.jpg,id_0839.jpg,원본 파일 연결,716x1000,224496
id_0840,id_0840.jpg,id_0840.jpg,원본 파일 연결,716x1000,187067
id_0841,id_0841.jpg,id_0841.jpg,원본 파일 연결,716x1000,227298
id_0842,id_0842.jpg,id_0842.jpg,원본 파일 연결,1000x716,227884
id_0843,id_0843.jpg,id_0843.jpg,원본 파일 연결,716x1000,219537
id_0844,id_0844.jpg,id_0844.jpg,원본 파일 연결,716x1000,236768
id_0845,id_0845.jpg,id_0845.jpg,원본 파일 연결,716x1000,192836
id_0846,id_0846.jpg,id_0846.jpg,원본 파일 연결,716x1000,217026
id_0847,id_0847.jpg,id_0847.jpg,원본 파일 연결,716x1000,214247
id_0848,id_0848.jpg,id_0848.jpg,원본 파일 연결,716x1000,228227
id_0849,id_0849.jpg,id_0849.jpg,원본 파일 연결,716x1000,229874
id_0850,id_0850.jpg,id_0850.jpg,원본 파일 연결,716x1000,198666
id_0851,id_0851.jpg,id_0851.jpg,원본 파일 연결,716x1000,226936
id_0852,id_0852.jpg,id_0852.jpg,원본 파일 연결,716x1000,197563
id_0853,id_0853.jpg,id_0853.jpg,원본 파일 연결,716x1000,220392
id_0854,id_0854.jpg,id_0854.jpg,원본 파일 연결,716x1000,195683
id_0855,id_0855.jpg,id_0855.jpg,원본 파일 연결,716x1000,218399
id_0856,id_0856.jpg,id_0856.jpg,원본 파일 연결,716x1000,195723
id_0857,id_0857.jpg,id_0857.jpg,원본 파일 연결,716x1000,202610
id_0858,id_0858.jpg,id_0858.jpg,원본 파일 연결,716x1000,233208
id_0859,id_0859.jpg,id_0859.jpg,원본 파일 연결,716x1000,271658
id_0860,id_0860.jpg,id_0860.jpg,원본 파일 연결,716x1000,217921
id_0861,id_0861.jpg,id_0861.jpg,원본 파일 연결,716x1000,226446
id_0862,id_0862.jpg,id_0862.jpg,원본 파일 연결,716x1000,202333
id_0863,id_0863.jpg,id_0863.jpg,원본 파일 연결,716x1000,252664
id_0864,id_0864.jpg,id_0864.jpg,원본 파일 연결,716x1000,243735
id_0865,id_0865.jpg,id_0865.jpg,원본 파일 연결,716x1000,257051
id_0866,id_0866.jpg,id_0866.jpg,원본 파일 연결,716x1000,235829
id_0867,id_0867.jpg,id_0867.jpg,원본 파일 연결,716x1000,190279
id_0868,id_0868.jpg,id_0868.jpg,원본 파일 연결,716x1000,225426
id_0869,id_0869.jpg,id_0869.jpg,원본 파일 연결,716x1000,246542
id_0870,id_0870.jpg,id_0870.jpg,원본 파일 연결,716x1000,405016
id_0871,id_0871.jpg,id_0871.jpg,원본 파일 연결,716x1000,248374
id_0872,id_0872.jpg,id_0872.jpg,원본 파일 연결,716x1000,209076
id_0873,id_0873.jpg,id_0873.jpg,원본 파일 연결,716x1000,227434
id_0874,id_0874.jpg,id_0874.jpg,원본 파일 연결,716x1000,239227
id_0875,id_0875.jpg,id_0875.jpg,원본 파일 연결,716x1000,201662
id_0876,id_0876.jpg,id_0876.jpg,원본 파일 연결,716x1000,194621
id_0877,id_0877.jpg,id_0877.jpg,원본 파일 연결,716x1000,211609
id_0878,id_0878.jpg,id_0878.jpg,원본 파일 연결,716x1000,200165
id_0879,id_0879.jpg,id_0879.jpg,원본 파일 연결,716x1000,219925
id_0880,id_0880.jpg,id_0880.jpg,원본 파일 연결,716x1000,192754
id_0881,id_0881.jpg,id_0881.jpg,원본 파일 연결,716x1000,206575
id_0882,id_0882.jpg,id_0882.jpg,원본 파일 연결,716x1000,220989
id_0883,id_0883.jpg,id_0883.jpg,원본 파일 연결,1000x716,217081
id_0884,id_0884.jpg,id_0884.jpg,원본 파일 연결,716x1000,234593
id_0885,id_0885.jpg,id_0885.jpg,원본 파일 연결,716x1000,205778
id_0886,id_0886.jpg,id_0886.jpg,원본 파일 연결,716x1000,205280
id_0887,id_0887.jpg,id_0887.jpg,원본 파일 연결,716x1000,244193
id_0888,id_0888.jpg,id_0888.jpg,원본 파일 연결,716x1000,206111
id_0889,id_0889.jpg,id_0889.jpg,원본 파일 연결,716x1000,246164
id_0890,id_0890.jpg,id_0890.jpg,원본 파일 연결,716x1000,215270
id_0891,id_0891.jpg,id_0891.jpg,원본 파일 연결,716x1000,183424
id_0892,id_0892.jpg,id_0892.jpg,원본 파일 연결,716x1000,247219
id_0893,id_0893.jpg,id_0893.jpg,원본 파일 연결,716x1000,220530
id_0894,id_0894.jpg,id_0894.jpg,원본 파일 연결,716x1000,184070
id_0895,id_0895.jpg,id_0895.jpg,원본 파일 연결,716x1000,234071
id_0896,id_0896.jpg,id_0896.jpg,원본 파일 연결,716x1000,269715
id_0897,id_0897.jpg,id_0897.jpg,원본 파일 연결,716x1000,214313
id_0898,id_0898.jpg,id_0898.jpg,원본 파일 연결,716x1000,219610
id_0899,id_0899.jpg,id_0899.jpg,원본 파일 연결,716x1000,229786
id_0900,id_0900.jpg,id_0900.jpg,원본 파일 연결,716x1000,261771
id_0901,id_0901.jpg,id_0901.jpg,원본 파일 연결,716x1000,201640
id_0902,id_0902.jpg,id_0902.jpg,원본 파일 연결,716x1000,213975
id_0903,id_0903.jpg,id_0903.jpg,원본 파일 연결,716x1000,197565
id_0904,id_0904.jpg,id_0904.jpg,원본 파일 연결,716x1000,198091
id_0905,id_0905.jpg,id_0905.jpg,원본 파일 연결,716x1000,215321
id_0906,id_0906.jpg,id_0906.jpg,원본 파일 연결,716x1000,195862
id_0907,id_0907.jpg,id_0907.jpg,원본 파일 연결,716x1000,231182
id_0908,id_0908.jpg,id_0908.jpg,원본 파일 연결,716x1000,211841
id_0909,id_0909.jpg,id_0909.jpg,원본 파일 연결,716x1000,216649
id_0910,id_0910.jpg,id_0910.jpg,원본 파일 연결,716x1000,204185
id_0911,id_0911.jpg,id_0911.jpg,원본 파일 연결,716x1000,211593
id_0912,id_0912.jpg,id_0912.jpg,원본 파일 연결,716x1000,282302
id_0913,id_0913.jpg,id_0913.jpg,원본 파일 연결,1000x716,329883
id_0914,id_0914.jpg,id_0914.jpg,원본 파일 연결,716x1000,235849
id_0915,id_0915.jpg,id_0915.jpg,원본 파일 연결,716x1000,257806
id_0916,id_0916.jpg,id_0916.jpg,원본 파일 연결,716x1000,191749
id_0917,id_0917.jpg,id_0917.jpg,원본 파일 연결,716x1000,235396
id_0918,id_0918.jpg,id_0918.jpg,원본 파일 연결,716x1000,208554
id_0919,id_0919.jpg,id_0919.jpg,원본 파일 연결,716x1000,205258
id_0920,id_0920.jpg,id_0920.jpg,원본 파일 연결,716x1000,190760
id_0921,id_0921.jpg,id_0921.jpg,원본 파일 연결,716x1000,210771
id_0922,id_0922.jpg,id_0922.jpg,원본 파일 연결,716x1000,186323
id_0923,id_0923.jpg,id_0923.jpg,원본 파일 연결,716x1000,173221
id_0924,id_0924.jpg,id_0924.jpg,원본 파일 연결,716x1000,235956
id_0925,id_0925.jpg,id_0925.jpg,원본 파일 연결,716x1000,200096
id_0926,id_0926.jpg,id_0926.jpg,원본 파일 연결,716x1000,213501
id_0927,id_0927.jpg,id_0927.jpg,원본 파일 연결,716x1000,207469
id_0928,id_0928.jpg,id_0928.jpg,원본 파일 연결,716x1000,248977
id_0929,id_0929.jpg,id_0929.jpg,원본 파일 연결,716x1000,252434
id_0930,id_0930.jpg,id_0930.jpg,원본 파일 연결,1000x716,269516
id_0931,id_0931.jpg,id_0931.jpg,원본 파일 연결,716x1000,246099
id_0932,id_0932.jpg,id_0932.jpg,원본 파일 연결,716x1000,221002
id_0933,id_0933.jpg,id_0933.jpg,원본 파일 연결,716x1000,202094
id_0934,id_0934.jpg,id_0934.jpg,원본 파일 연결,716x1000,235072
id_0935,id_0935.jpg,id_0935.jpg,원본 파일 연결,716x1000,199879
id_0936,id_0936.jpg,id_0936.jpg,원본 파일 연결,716x1000,233074
id_0937,id_0937.jpg,id_0937.jpg,원본 파일 연결,716x1000,190228
id_0938,id_0938.jpg,id_0938.jpg,원본 파일 연결,716x1000,203217
id_0939,id_0939.jpg,id_0939.jpg,원본 파일 연결,716x1000,178259
id_0940,id_0940.jpg,id_0940.jpg,원본 파일 연결,716x1000,215031
id_0941,id_0941.jpg,id_0941.jpg,원본 파일 연결,716x1000,207707
id_0942,id_0942.jpg,id_0942.jpg,원본 파일 연결,716x1000,187684
id_0943,id_0943.jpg,id_0943.jpg,원본 파일 연결,716x1000,197951
id_0944,id_0944.jpg,id_0944.jpg,원본 파일 연결,716x1000,278522
id_0945,id_0945.jpg,id_0945.jpg,원본 파일 연결,716x1000,241795
id_0946,id_0946.jpg,id_0946.jpg,원본 파일 연결,716x1000,319534
id_0947,id_0947.jpg,id_0947.jpg,원본 파일 연결,716x1000,243326
id_0948,id_0948.jpg,id_0948.jpg,원본 파일 연결,716x1000,248761
id_0949,id_0949.jpg,id_0949.jpg,원본 파일 연결,716x1000,219544
id_0950,id_0950.jpg,id_0950.jpg,원본 파일 연결,716x1000,205868
id_0951,id_0951.jpg,id_0951.jpg,원본 파일 연결,716x1000,212920
id_0952,id_0952.jpg,id_0952.jpg,원본 파일 연결,716x1000,188140
id_0953,id_0953.jpg,id_0953.jpg,원본 파일 연결,716x1000,229062
id_0954,id_0954.jpg,id_0954.jpg,원본 파일 연결,716x1000,206462
id_0955,id_0955.jpg,id_0955.jpg,원본 파일 연결,716x1000,202283
id_0956,id_0956.jpg,id_0956.jpg,원본 파일 연결,716x1000,202284
id_0957,id_0957.jpg,id_0957.jpg,원본 파일 연결,716x1000,224941
id_0958,id_0958.jpg,id_0958.jpg,원본 파일 연결,716x1000,196170
id_0959,id_0959.jpg,id_0959.jpg,원본 파일 연결,716x1000,196891
id_0960,id_0960.jpg,id_0960.jpg,원본 파일 연결,716x1000,192080
id_0961,id_0961.jpg,id_0961.jpg,원본 파일 연결,716x1000,200264
id_0962,id_0962.jpg,id_0962.jpg,원본 파일 연결,716x1000,183096
id_0963,id_0963.jpg,id_0963.jpg,원본 파일 연결,716x1000,192413
id_0964,id_0964.jpg,id_0964.jpg,원본 파일 연결,716x1000,212946
id_0965,id_0965.jpg,id_0965.jpg,원본 파일 연결,716x1000,294757
id_0966,id_0966.jpg,id_0966.jpg,원본 파일 연결,716x1000,243567
id_0967,id_0967.jpg,id_0967.jpg,원본 파일 연결,716x1000,217568
id_0968,id_0968.jpg,id_0968.jpg,원본 파일 연결,716x1000,226403
id_0969,id_0969.jpg,id_0969.jpg,원본 파일 연결,716x1000,163129
id_0970,id_0970.jpg,id_0970.jpg,원본 파일 연결,716x1000,211297
id_0971,id_0971.jpg,id_0971.jpg,원본 파일 연결,716x1000,188336
id_0972,id_0972.jpg,id_0972.jpg,원본 파일 연결,716x1000,217941
id_0973,id_0973.jpg,id_0973.jpg,원본 파일 연결,716x1000,228078
id_0974,id_0974.jpg,id_0974.jpg,원본 파일 연결,716x1000,200454
id_0975,id_0975.jpg,id_0975.jpg,원본 파일 연결,716x1000,206538
id_0976,id_0976.jpg,id_0976.jpg,원본 파일 연결,716x1000,224537
id_0977,id_0977.jpg,id_0977.jpg,원본 파일 연결,716x1000,270786
id_0978,id_0978.jpg,id_0978.jpg,원본 파일 연결,716x1000,247614
id_0979,id_0979.jpg,id_0979.jpg,원본 파일 연결,716x1000,263842
id_0980,id_0980.jpg,id_0980.jpg,원본 파일 연결,716x1000,192919
id_0981,id_0981.jpg,id_0981.jpg,원본 파일 연결,716x1000,215310
id_0982,id_0982.jpg,id_0982.jpg,원본 파일 연결,716x1000,242535
id_0983,id_0983.jpg,id_0983.jpg,원본 파일 연결,716x1000,230089
id_0984,id_0984.jpg,id_0984.jpg,원본 파일 연결,716x1000,228132
id_0985,id_0985.jpg,id_0985.jpg,원본 파일 연결,716x1000,209877
id_0986,id_0986.jpg,id_0986.jpg,원본 파일 연결,716x1000,154603
id_0987,id_0987.jpg,id_0987.jpg,원본 파일 연결,716x1000,223777
id_0988,id_0988.jpg,id_0988.jpg,원본 파일 연결,716x1000,191362
id_0989,id_0989.jpg,id_0989.jpg,원본 파일 연결,716x1000,204819
id_0990,id_0990.jpg,id_0990.jpg,원본 파일 연결,716x1000,197210
id_0991,id_0991.jpg,id_0991.jpg,원본 파일 연결,716x1000,212259
id_0992,id_0992.jpg,id_0992.jpg,원본 파일 연결,716x1000,220002
id_0993,id_0993.jpg,id_0993.jpg,원본 파일 연결,716x1000,209672
id_0994,id_0994.jpg,id_0994.jpg,원본 파일 연결,716x1000,194947
id_0995,id_0995.jpg,id_0995.jpg,원본 파일 연결,716x1000,258661
id_0996,id_0996.jpg,id_0996.jpg,원본 파일 연결,716x1000,261307
id_0997,id_0997.jpg,id_0997.jpg,원본 파일 연결,716x1000,254498
id_0998,id_0998.jpg,id_0998.jpg,원본 파일 연결,716x1000,231489
id_0999,id_0999.jpg,id_0999.jpg,원본 파일 연결,716x1000,242097
id_1000,id_1000.jpg,id_1000.jpg,원본 파일 연결,716x1000,214419
id_1001,id_1001.jpg,id_1001.jpg,원본 파일 연결,716x1000,202690
id_1002,id_1002.jpg,id_1002.jpg,원본 파일 연결,716x1000,252609
id_1003,id_1003.jpg,id_1003.jpg,원본 파일 연결,716x1000,222517
id_1004,id_1004.jpg,id_1004.jpg,원본 파일 연결,716x1000,246326
id_1005,id_1005.jpg,id_1005.jpg,원본 파일 연결,716x1000,238638
id_1006,id_1006.jpg,id_1006.jpg,원본 파일 연결,716x1000,192067
id_1007,id_1007.jpg,id_1007.jpg,원본 파일 연결,716x1000,214610
id_1008,id_1008.jpg,id_1008.jpg,원본 파일 연결,716x1000,233127
id_1009,id_1009.jpg,id_1009.jpg,원본 파일 연결,716x1000,304243
id_1010,id_1010.jpg,id_1010.jpg,원본 파일 연결,716x1000,277742
id_1011,id_1011.jpg,id_1011.jpg,원본 파일 연결,716x1000,249501
id_1012,id_1012.jpg,id_1012.jpg,원본 파일 연결,716x1000,263508
id_1013,id_1013.jpg,id_1013.jpg,원본 파일 연결,716x1000,226961
id_1014,id_1014.jpg,id_1014.jpg,원본 파일 연결,716x1000,219150
id_1015,id_1015.jpg,id_1015.jpg,원본 파일 연결,716x1000,218107
id_1016,id_1016.jpg,id_1016.jpg,원본 파일 연결,716x1000,236442
id_1017,id_1017.jpg,id_1017.jpg,원본 파일 연결,716x1000,200213
id_1018,id_1018.jpg,id_1018.jpg,원본 파일 연결,716x1000,245320
id_1019,id_1019.jpg,id_1019.jpg,원본 파일 연결,716x1000,199147
id_1020,id_1020.jpg,id_1020.jpg,원본 파일 연결,716x1000,197216
id_1021,id_1021.jpg,id_1021.jpg,원본 파일 연결,716x1000,181119
id_1022,id_1022.jpg,id_1022.jpg,원본 파일 연결,716x1000,181982
id_1023,id_1023.jpg,id_1023.jpg,원본 파일 연결,716x1000,188648
id_1024,id_1024.jpg,id_1024.jpg,원본 파일 연결,716x1000,244734
id_1025,id_1025.jpg,id_1025.jpg,원본 파일 연결,716x1000,222830
id_1026,id_1026.jpg,id_1026.jpg,원본 파일 연결,716x1000,207551
id_1027,id_1027.jpg,id_1027.jpg,원본 파일 연결,716x1000,204614
id_1028,id_1028.jpg,id_1028.jpg,원본 파일 연결,716x1000,194512
id_1029,id_1029.jpg,id_1029.jpg,원본 파일 연결,716x1000,253016
id_1030,id_1030.jpg,id_1030.jpg,원본 파일 연결,1000x716,368226
id_1031,id_1031.jpg,id_1031.jpg,원본 파일 연결,716x1000,239750
id_1032,id_1032.jpg,id_1032.jpg,원본 파일 연결,716x1000,203211
id_1033,id_1033.jpg,id_1033.jpg,원본 파일 연결,716x1000,196436
id_1034,id_1034.jpg,id_1034.jpg,원본 파일 연결,716x1000,216341
id_1035,id_1035.jpg,id_1035.jpg,원본 파일 연결,716x1000,187827
id_1036,id_1036.jpg,id_1036.jpg,원본 파일 연결,716x1000,196075
id_1037,id_1037.jpg,id_1037.jpg,원본 파일 연결,716x1000,202590
id_1038,id_1038.jpg,id_1038.jpg,원본 파일 연결,716x1000,222628
id_1039,id_1039.jpg,id_1039.jpg,원본 파일 연결,716x1000,159942
id_1040,id_1040.jpg,id_1040.jpg,원본 파일 연결,716x1000,147214
id_1041,id_1041.jpg,id_1041.jpg,원본 파일 연결,716x1000,220433
id_1042,id_1042.jpg,id_1042.jpg,원본 파일 연결,716x1000,189908
id_1043,id_1043.jpg,id_1043.jpg,원본 파일 연결,716x1000,189733
id_1044,id_1044.jpg,id_1044.jpg,원본 파일 연결,716x1000,232500
id_1045,id_1045.jpg,id_1045.jpg,원본 파일 연결,716x1000,292380
id_1046,id_1046.jpg,id_1046.jpg,원본 파일 연결,1000x716,299051
id_1047,id_1047.jpg,id_1047.jpg,원본 파일 연결,716x1000,234461
id_1048,id_1048.jpg,id_1048.jpg,원본 파일 연결,716x1000,269054
id_1049,id_1049.jpg,id_1049.jpg,원본 파일 연결,716x1000,290619
id_1050,id_1050.jpg,id_1050.jpg,원본 파일 연결,716x1000,214656
id_1051,id_1051.jpg,id_1051.jpg,원본 파일 연결,716x1000,335359
id_1052,id_1052.jpg,id_1052.jpg,원본 파일 연결,1000x716,322192
id_1053,id_1053.jpg,id_1053.jpg,원본 파일 연결,716x1000,172110
id_1054,id_1054.jpg,id_1054.jpg,원본 파일 연결,716x1000,230240
id_1055,id_1055.jpg,id_1055.jpg,원본 파일 연결,716x1000,225637
id_1056,id_1056.jpg,id_1056.jpg,원본 파일 연결,716x1000,233224
id_1057,id_1057.jpg,id_1057.jpg,원본 파일 연결,716x1000,229227
id_1058,id_1058.jpg,id_1058.jpg,원본 파일 연결,716x1000,218665
id_1059,id_1059.jpg,id_1059.jpg,원본 파일 연결,716x1000,295013
id_1060,id_1060.jpg,id_1060.jpg,원본 파일 연결,716x1000,237009
id_1061,id_1061.jpg,id_1061.jpg,원본 파일 연결,716x1000,221773
id_1062,id_1062.jpg,id_1062.jpg,원본 파일 연결,716x1000,243368
id_1063,id_1063.jpg,id_1063.jpg,원본 파일 연결,716x1000,224661
id_1064,id_1064.jpg,id_1064.jpg,원본 파일 연결,1000x716,205827
id_1065,id_1065.jpg,id_1065.jpg,원본 파일 연결,716x1000,254225
id_1066,id_1066.jpg,id_1066.jpg,원본 파일 연결,716x1000,281892
id_1067,id_1067.jpg,id_1067.jpg,원본 파일 연결,716x1000,230464
id_1068,id_1068.jpg,id_1068.jpg,원본 파일 연결,716x1000,282317
id_1069,id_1069.jpg,id_1069.jpg,원본 파일 연결,716x1000,260865
id_1070,id_1070.jpg,id_1070.jpg,원본 파일 연결,716x1000,173864
id_1071,id_1071.jpg,id_1071.jpg,원본 파일 연결,716x1000,229828
id_1072,id_1072.jpg,id_1072.jpg,원본 파일 연결,716x1000,224925
id_1073,id_1073.jpg,id_1073.jpg,원본 파일 연결,716x1000,194836
id_1074,id_1074.jpg,id_1074.jpg,원본 파일 연결,716x1000,231310
id_1075,id_1075.jpg,id_1075.jpg,원본 파일 연결,716x1000,234580
id_1076,id_1076.jpg,id_1076.jpg,원본 파일 연결,716x1000,220139
id_1077,id_1077.jpg,id_1077.jpg,원본 파일 연결,716x1000,206126
id_1078,id_1078.jpg,id_1078.jpg,원본 파일 연결,716x1000,204331
id_1079,id_1079.jpg,id_1079.jpg,원본 파일 연결,716x1000,301926
id_1080,id_1080.jpg,id_1080.jpg,원본 파일 연결,716x1000,273107
id_1081,id_1081.jpg,id_1081.jpg,원본 파일 연결,1000x716,285329
id_1082,id_1082.jpg,id_1082.jpg,원본 파일 연결,716x1000,239701
id_1083,id_1083.jpg,id_1083.jpg,원본 파일 연결,716x1000,248182
id_1084,id_1084.jpg,id_1084.jpg,원본 파일 연결,716x1000,199448
id_1085,id_1085.jpg,id_1085.jpg,원본 파일 연결,716x1000,230256
id_1086,id_1086.jpg,id_1086.jpg,원본 파일 연결,716x1000,238736
id_1087,id_1087.jpg,id_1087.jpg,원본 파일 연결,716x1000,304091
id_1088,id_1088.jpg,id_1088.jpg,원본 파일 연결,716x1000,269433
id_1089,id_1089.jpg,id_1089.jpg,원본 파일 연결,716x1000,224707
id_1090,id_1090.jpg,id_1090.jpg,원본 파일 연결,716x1000,217319
id_1091,id_1091.jpg,id_1091.jpg,원본 파일 연결,716x1000,202820
id_1092,id_1092.jpg,id_1092.jpg,원본 파일 연결,716x1000,234420
id_1093,id_1093.jpg,id_1093.jpg,원본 파일 연결,716x1000,249675
id_1094,id_1094.jpg,id_1094.jpg,원본 파일 연결,716x1000,299863
id_1095,id_1095.jpg,id_1095.jpg,원본 파일 연결,716x1000,349749
id_1096,id_1096.jpg,id_1096.jpg,원본 파일 연결,716x1000,200656
id_1097,id_1097.jpg,id_1097.jpg,원본 파일 연결,716x1000,263988
id_1098,id_1098.jpg,id_1098.jpg,원본 파일 연결,716x1000,238238
id_1099,id_1099.jpg,id_1099.jpg,원본 파일 연결,716x1000,227085
id_1100,id_1100.jpg,id_1100.jpg,원본 파일 연결,716x1000,201271
id_1101,id_1101.jpg,id_1101.jpg,원본 파일 연결,716x1000,185638
id_1102,id_1102.jpg,id_1102.jpg,원본 파일 연결,716x1000,212549
id_1103,id_1103.jpg,id_1103.jpg,원본 파일 연결,716x1000,191592
id_1104,id_1104.jpg,id_1104.jpg,원본 파일 연결,716x1000,201533
id_1105,id_1105.jpg,id_1105.jpg,원본 파일 연결,716x1000,194947
id_1106,id_1106.jpg,id_1106.jpg,원본 파일 연결,716x1000,207466
id_1107,id_1107.jpg,id_1107.jpg,원본 파일 연결,716x1000,209873
id_1108,id_1108.jpg,id_1108.jpg,원본 파일 연결,716x1000,237783
id_1109,id_1109.jpg,id_1109.jpg,원본 파일 연결,716x1000,272681
id_1110,id_1110.jpg,id_1110.jpg,원본 파일 연결,716x1000,177099
id_1111,id_1111.jpg,id_1111.jpg,원본 파일 연결,716x1000,225674
id_1112,id_1112.jpg,id_1112.jpg,원본 파일 연결,716x1000,210916
id_1113,id_1113.jpg,id_1113.jpg,원본 파일 연결,716x1000,219724
id_1114,id_1114.jpg,id_1114.jpg,원본 파일 연결,716x1000,177398
id_1115,id_1115.jpg,id_1115.jpg,원본 파일 연결,716x1000,231228
id_1116,id_1116.jpg,id_1116.jpg,원본 파일 연결,716x1000,244740
id_1117,id_1117.jpg,id_1117.jpg,원본 파일 연결,716x1000,253167
id_1118,id_1118.jpg,id_1118.jpg,원본 파일 연결,716x1000,189772
id_1119,id_1119.jpg,id_1119.jpg,원본 파일 연결,716x1000,277624
id_1120,id_1120.jpg,id_1120.jpg,원본 파일 연결,716x1000,302760
id_1121,id_1121.jpg,id_1121.jpg,원본 파일 연결,716x1000,243224
id_1122,id_1122.jpg,id_1122.jpg,원본 파일 연결,716x1000,258820
id_1123,id_1123.jpg,id_1123.jpg,원본 파일 연결,716x1000,189872
id_1124,id_1124.jpg,id_1124.jpg,원본 파일 연결,716x1000,179310
id_1125,id_1125.jpg,id_1125.jpg,원본 파일 연결,716x1000,227951
id_1126,id_1126.jpg,id_1126.jpg,원본 파일 연결,716x1000,206913
id_1127,id_1127.jpg,id_1127.jpg,원본 파일 연결,716x1000,268269
id_1128,id_1128.jpg,id_1128.jpg,원본 파일 연결,716x1000,213809
id_1129,id_1129.jpg,id_1129.jpg,원본 파일 연결,716x1000,252746
id_1130,id_1130.jpg,id_1130.jpg,원본 파일 연결,716x1000,232903
id_1131,id_1131.jpg,id_1131.jpg,원본 파일 연결,716x1000,224944
id_1132,id_1132.jpg,id_1132.jpg,원본 파일 연결,716x1000,210595
id_1133,id_1133.jpg,id_1133.jpg,원본 파일 연결,716x1000,229116
id_1134,id_1134.jpg,id_1134.jpg,원본 파일 연결,716x1000,234874
id_1135,id_1135.jpg,id_1135.jpg,원본 파일 연결,716x1000,219432
id_1136,id_1136.jpg,id_1136.jpg,원본 파일 연결,716x1000,214074
id_1137,id_1137.jpg,id_1137.jpg,원본 파일 연결,716x1000,333634
id_1138,id_1138.jpg,id_1138.jpg,원본 파일 연결,1000x716,342038
id_1139,id_1139.jpg,id_1139.jpg,원본 파일 연결,1000x716,196642
id_1140,id_1140.jpg,id_1140.jpg,원본 파일 연결,716x1000,219808
id_1141,id_1141.jpg,id_1141.jpg,원본 파일 연결,716x1000,263080
id_1142,id_1142.jpg,id_1142.jpg,원본 파일 연결,716x1000,223688
id_1143,id_1143.jpg,id_1143.jpg,원본 파일 연결,716x1000,214571
id_1144,id_1144.jpg,id_1144.jpg,원본 파일 연결,716x1000,190926
id_1145,id_1145.jpg,id_1145.jpg,원본 파일 연결,716x1000,234563
id_1146,id_1146.jpg,id_1146.jpg,원본 파일 연결,716x1000,199807
id_1147,id_1147.jpg,id_1147.jpg,원본 파일 연결,716x1000,180933
id_1148,id_1148.jpg,id_1148.jpg,원본 파일 연결,716x1000,220240
id_1149,id_1149.jpg,id_1149.jpg,원본 파일 연결,716x1000,173413
id_1150,id_1150.jpg,id_1150.jpg,원본 파일 연결,716x1000,204193
id_1151,id_1151.jpg,id_1151.jpg,원본 파일 연결,716x1000,294016
id_1152,id_1152.jpg,id_1152.jpg,원본 파일 연결,716x1000,296219
id_1153,id_1153.jpg,id_1153.jpg,원본 파일 연결,716x1000,230951
id_1154,id_1154.jpg,id_1154.jpg,원본 파일 연결,716x1000,256943
id_1155,id_1155.jpg,id_1155.jpg,원본 파일 연결,1000x716,309663
id_1156,id_1156.jpg,id_1156.jpg,원본 파일 연결,716x1000,270432
id_1157,id_1157.jpg,id_1157.jpg,원본 파일 연결,716x1000,294652
id_1158,id_1158.jpg,id_1158.jpg,원본 파일 연결,716x1000,246768
id_1159,id_1159.jpg,id_1159.jpg,원본 파일 연결,1000x716,268394
id_1160,id_1160.jpg,id_1160.jpg,원본 파일 연결,716x1000,221536
id_1161,id_1161.jpg,id_1161.jpg,원본 파일 연결,716x1000,224579
id_1162,id_1162.jpg,id_1162.jpg,원본 파일 연결,716x1000,230139
id_1163,id_1163.jpg,id_1163.jpg,원본 파일 연결,716x1000,211406
id_1164,id_1164.jpg,id_1164.jpg,원본 파일 연결,716x1000,304305
id_1170,ID_1170_江戸川コナン_SR.jpg,id_1170.jpg,원본 파일 연결,616x861,565092
id_1171,ID_1171_灰原哀_SR.jpg,id_1171.jpg,원본 파일 연결,616x861,455667
id_1172,ID_1172_工藤新一_R.jpg,id_1172.jpg,원본 파일 연결,616x861,432913
id_1173,ID_1173_毛利蘭_RP.jpg,id_1173.jpg,원본 파일 연결,616x861,521584
id_1174,ID_1174_阿笠博士_R.jpg,id_1174.jpg,원본 파일 연결,616x861,450821
id_1175,ID_1175_吉田歩美_C.jpg,id_1175.jpg,원본 파일 연결,616x861,485863
id_1176,ID_1176_小嶋元太_C.jpg,id_1176.jpg,원본 파일 연결,616x861,481663
id_1177,ID_1177_円谷光彦_C.jpg,id_1177.jpg,원본 파일 연결,616x861,408966
id_1178,ID_1178_江戸川コナン_C.jpg,id_1178.jpg,원본 파일 연결,616x861,451492
id_1179,ID_1179_小林澄子_C.jpg,id_1179.jpg,원본 파일 연결,616x861,448471
id_1180,ID_1180_日原誠人_C.jpg,id_1180.jpg,원본 파일 연결,616x861,427368
id_1181,ID_1181_間宮マス代_C.jpg,id_1181.jpg,원본 파일 연결,616x861,459115
id_1183,ID_1183_毛利蘭_C.jpg,id_1183.jpg,원본 파일 연결,616x861,442463
id_1184,ID_1184_お前を巨匠にしてやるよ怪盗キッド…監獄という墓場に入れてな…_CP.jpg,id_1184.jpg,원본 파일 연결,616x861,467597
id_1185,ID_1185_五人囃子_C.jpg,id_1185.jpg,원본 파일 연결,616x861,443689
id_1186,ID_1186_大岡紅葉_SR.jpg,id_1186.jpg,원본 파일 연결,616x861,505877
id_1187,ID_1187_伊織無我_RP.jpg,id_1187.jpg,원본 파일 연결,477x666,443618
id_1188,ID_1188_服部平次_RP.jpg,id_1188.jpg,원본 파일 연결,652x912,430610
id_1189,ID_1189_遠山和葉_RP.jpg,id_1189.jpg,원본 파일 연결,650x912,417677
id_1190,ID_1190_島袋君恵_C.jpg,id_1190.jpg,원본 파일 연결,616x861,399171
id_1191,ID_1191_島袋弥琴_C.jpg,id_1191.jpg,원본 파일 연결,616x861,473282
id_1192,ID_1192_服部静華_C.jpg,id_1192.jpg,원본 파일 연결,616x861,408648
id_1193,ID_1193_和田進一_C.jpg,id_1193.jpg,원본 파일 연결,616x861,405503
id_1194,ID_1194_カッコエ――ッ♡_CP.jpg,id_1194.jpg,원본 파일 연결,616x861,496653
id_1195,ID_1195_私のとてもとても大好きなお酒_C.jpg,id_1195.jpg,원본 파일 연결,616x861,379510
id_1196,ID_1196_工藤優作＆黒羽盗一_MR.jpg,id_1196.jpg,원본 파일 연결,616x861,600903
id_1197,ID_1197_怪盗キッド_SR.jpg,id_1197.jpg,원본 파일 연결,616x861,508187
id_1198,ID_1198_中森銀三_SR.jpg,id_1198.jpg,원본 파일 연결,616x861,415159
id_1199,ID_1199_黒羽快斗_R.jpg,id_1199.jpg,원본 파일 연결,652x912,577053
id_1200,ID_1200_中森青子_RP.jpg,id_1200.jpg,원본 파일 연결,579x813,472298
id_1201,ID_1201_白馬探_R.jpg,id_1201.jpg,원본 파일 연결,616x861,399304
id_1202,ID_1202_怪盗キッド_C.jpg,id_1202.jpg,원본 파일 연결,616x861,415850
id_1203,ID_1203_工藤優作_C.jpg,id_1203.jpg,원본 파일 연결,616x861,457116
id_1204,ID_1204_工藤有希子_C.jpg,id_1204.jpg,원본 파일 연결,616x861,385166
id_1205,ID_1205_真田一三_C.jpg,id_1205.jpg,원본 파일 연결,616x861,410445
id_1206,ID_1206_シャロン・ヴィンヤード_C.jpg,id_1206.jpg,원본 파일 연결,616x861,407018
id_1207,ID_1207_鈴木史郎_C.jpg,id_1207.jpg,원본 파일 연결,616x861,386825
id_1208,ID_1208_鈴木次郎吉_C.jpg,id_1208.jpg,원본 파일 연결,616x861,378236
id_1209,ID_1209_鈴木園子_CP.jpg,id_1209.jpg,원본 파일 연결,616x861,528374
id_1210,ID_1210_鈴木朋子_C.jpg,id_1210.jpg,원본 파일 연결,616x861,327153
id_1211,ID_1211_茶木神太郎_C.jpg,id_1211.jpg,원본 파일 연결,616x861,382138
id_1212,ID_1212_土井塔克樹_C.jpg,id_1212.jpg,원본 파일 연결,616x861,360930
id_1213,ID_1213_富沢雄三_C.jpg,id_1213.jpg,원본 파일 연결,616x861,374660
id_1214,ID_1214_ルパン_C.jpg,id_1214.jpg,원본 파일 연결,616x861,366273
id_1215,ID_1215_探偵はその跡を見てなんくせつける……ただの批評家に過ぎねーんだぜ？_CP.jpg,id_1215.jpg,원본 파일 연결,616x861,396008
id_1216,ID_1216_漆黒の星_CP.jpg,id_1216.jpg,원본 파일 연결,616x861,345393
id_1217,ID_1217_宮野志保＆宮野明美_MRP.jpg,id_1217.jpg,원본 파일 연결,616x861,702170
id_1218,ID_1218_沖矢昴_SR.jpg,id_1218.jpg,원본 파일 연결,616x861,515457
id_1219,ID_1219_ジョディ・スターリング_R.jpg,id_1219.jpg,원본 파일 연결,616x861,554313
id_1220,ID_1220_世良真純_RP.jpg,id_1220.jpg,원본 파일 연결,616x861,720771
id_1221,ID_1221_羽田秀𠮷_R.jpg,id_1221.jpg,원본 파일 연결,616x861,477164
id_1223,ID_1223_新出智明_C.jpg,id_1223.jpg,원본 파일 연결,616x861,520862
id_1224,ID_1224_アンドレ・キャメル_C.jpg,id_1224.jpg,원본 파일 연결,616x861,508723
id_1225,ID_1225_瓜生祥子_C.jpg,id_1225.jpg,원본 파일 연결,616x861,461042
id_1227,ID_1227_宮野エレーナ_C.jpg,id_1227.jpg,원본 파일 연결,616x861,514547
id_1228,ID_1228_宮野厚司_C.jpg,id_1228.jpg,원본 파일 연결,616x861,464840
id_1229,ID_1229_レイチェル・浅香_C.jpg,id_1229.jpg,원본 파일 연결,616x861,558947
id_1230,ID_1230_消毒と絆創膏_C.jpg,id_1230.jpg,원본 파일 연결,616x861,445898
id_1231,ID_1231_高木渉_SRP.jpg,id_1231.jpg,원본 파일 연결,652x912,715223
id_1232,ID_1232_佐藤美和子_R.jpg,id_1232.jpg,원본 파일 연결,616x861,495633
id_1234,ID_1234_三池苗子_R.jpg,id_1234.jpg,원본 파일 연결,616x861,496281
id_1235,ID_1235_千葉和伸_CP.jpg,id_1235.jpg,원본 파일 연결,652x912,568686
id_1236,ID_1236_安室透_C.jpg,id_1236.jpg,원본 파일 연결,616x861,494908
id_1237,ID_1237_榎本梓_C.jpg,id_1237.jpg,원본 파일 연결,616x861,495186
id_1238,ID_1238_上原由衣_C.jpg,id_1238.jpg,원본 파일 연결,616x861,451408
id_1239,ID_1239_白鳥任三郎_C.jpg,id_1239.jpg,원본 파일 연결,616x861,525625
id_1240,ID_1240_目暮十三_C.jpg,id_1240.jpg,원본 파일 연결,616x861,574939
id_1241,ID_1241_諸伏高明_C.jpg,id_1241.jpg,원본 파일 연결,616x861,444496
id_1242,ID_1242_大和敢助_C.jpg,id_1242.jpg,원본 파일 연결,616x861,528266
id_1243,ID_1243_うるさい!!これは警察の仕事だ!!_C.jpg,id_1243.jpg,원본 파일 연결,616x861,451567
id_1245,ID_1245_ジン＆ベルモット_MR.jpg,id_1245.jpg,원본 파일 연결,616x861,490638
id_1248,ID_1248_ウォッカ_RP.jpg,id_1248.jpg,원본 파일 연결,616x861,553319
id_1249,ID_1249_ベルモット_R.jpg,id_1249.jpg,원본 파일 연결,616x861,387188
id_1250,ID_1250_狼男_C.jpg,id_1250.jpg,원본 파일 연결,616x861,358050
id_1251,ID_1251_キール_C.jpg,id_1251.jpg,원본 파일 연결,616x861,365160
id_1252,ID_1252_犯人_C.jpg,id_1252.jpg,원본 파일 연결,616x861,478578
id_1253,ID_1253_亡霊船長_C.jpg,id_1253.jpg,원본 파일 연결,616x861,381150
id_1254,ID_1254_火傷の男_C.jpg,id_1254.jpg,원본 파일 연결,616x861,345093
id_1255,ID_1255_ラム_C.jpg,id_1255.jpg,원본 파일 연결,616x861,380782
id_1256,ID_1256_黒と黒が混ざっても…黒にしかならねぇよ…_CP.jpg,id_1256.jpg,원본 파일 연결,616x861,337535
id_1257,ID_1257_ドライマティーニ_C.jpg,id_1257.jpg,원본 파일 연결,860x616,432981
id_1258,ID_1258_江戸川コナン＆怪盗キッド_SEC.jpg,id_1258.jpg,원본 파일 연결,616x861,573683
id_1259,ID_1259_服部平次＆ジョディ・スターリング_MR.jpg,id_1259.jpg,원본 파일 연결,616x861,552932
id_1261,ID_1260_コナンVS怪盗キッド_R.jpg,id_1261.jpg,"이름 정리(id_1260.jpg → id_1261.jpg: 옛 썸네일과 내용 일치 0.9998, 유일한 후보)",860x616,607111
id_1262,ID_1262_あんた何者や_CP.jpg,id_1262.jpg,원본 파일 연결,616x861,354061
id_P001,id_P001.jpg,id_P001.jpg,원본 파일 연결,716x1000,238732
id_P002,id_P002.jpg,id_P002.jpg,원본 파일 연결,716x1000,215606
id_P003,id_P003.jpg,id_P003.jpg,원본 파일 연결,716x1000,220670
id_P004,id_P004.jpg,id_P004.jpg,원본 파일 연결,716x1000,265040
id_P005,id_P005.jpg,id_P005.jpg,원본 파일 연결,716x1000,228047
id_P006,id_P006.jpg,id_P006.jpg,원본 파일 연결,716x1000,227404
id_P007,id_P007.jpg,id_P007.jpg,원본 파일 연결,716x1000,259909
id_P008,id_P008.jpg,id_P008.jpg,원본 파일 연결,716x1000,206258
id_P009,id_P009.jpg,id_P009.jpg,원본 파일 연결,716x1000,211857
id_P010,id_P010.jpg,id_P010.jpg,원본 파일 연결,716x1000,200240
id_P011,id_P011.jpg,id_P011.jpg,원본 파일 연결,716x1000,217994
id_P012,id_P012.jpg,id_P012.jpg,원본 파일 연결,716x1000,240915
id_P013,id_P013.jpg,id_P013.jpg,원본 파일 연결,716x1000,217310
id_P014,id_P014.jpg,id_P014.jpg,원본 파일 연결,716x1000,265850
id_P015,id_P015.jpg,id_P015.jpg,원본 파일 연결,716x1000,199982
id_P016,id_P016.jpg,id_P016.jpg,원본 파일 연결,716x1000,214330
id_P017,id_P017.jpg,id_P017.jpg,원본 파일 연결,716x1000,202225
id_P018,id_P018.jpg,id_P018.jpg,원본 파일 연결,716x1000,227722
id_P019,id_P019.jpg,id_P019.jpg,원본 파일 연결,716x1000,230068
id_P020,id_P020.jpg,id_P020.jpg,원본 파일 연결,716x1000,214867
id_P021,id_P021.jpg,id_P021.jpg,원본 파일 연결,716x1000,203749
id_P022,id_P022.jpg,id_P022.jpg,원본 파일 연결,716x1000,223152
id_P023,id_P023.jpg,id_P023.jpg,원본 파일 연결,716x1000,201155
id_P024,id_P024.jpg,id_P024.jpg,원본 파일 연결,716x1000,206113
id_P025,id_P025.jpg,id_P025.jpg,원본 파일 연결,716x1000,246012
id_P026,id_P026.jpg,id_P026.jpg,원본 파일 연결,716x1000,210401
id_P027,id_P027.jpg,id_P027.jpg,원본 파일 연결,716x1000,217628
id_P028,id_P028.jpg,id_P028.jpg,원본 파일 연결,716x1000,277598
id_P029,id_P029.jpg,id_P029.jpg,원본 파일 연결,716x1000,240598
id_P030,id_P030.jpg,id_P030.jpg,원본 파일 연결,716x1000,215384
id_P031,id_P031.jpg,id_P031.jpg,원본 파일 연결,716x1000,228900
id_P032,id_P032.jpg,id_P032.jpg,원본 파일 연결,716x1000,240089
id_P033,id_P033.jpg,id_P033.jpg,원본 파일 연결,716x1000,229503
id_P034,id_P034.jpg,id_P034.jpg,원본 파일 연결,716x1000,212074
id_P035,id_P035.jpg,id_P035.jpg,원본 파일 연결,716x1000,225589
id_P036,id_P036.jpg,id_P036.jpg,원본 파일 연결,716x1000,260074
id_P037,id_P037.jpg,id_P037.jpg,원본 파일 연결,716x1000,206404
id_P038,id_P038.jpg,id_P038.jpg,원본 파일 연결,716x1000,268351
id_P039,id_P039.jpg,id_P039.jpg,원본 파일 연결,716x1000,189912
id_P040,id_P040.jpg,id_P040.jpg,원본 파일 연결,716x1000,186913
id_P041,id_P041.jpg,id_P041.jpg,원본 파일 연결,716x1000,211002
id_P042,id_P042.jpg,id_P042.jpg,원본 파일 연결,716x1000,263132
id_P043,id_P043.jpg,id_P043.jpg,원본 파일 연결,716x1000,272391
id_P044,id_P044.jpg,id_P044.jpg,원본 파일 연결,716x1000,213867
id_P045,id_P045.jpg,id_P045.jpg,원본 파일 연결,716x1000,235644
id_P046,id_P046.jpg,id_P046.jpg,원본 파일 연결,716x1000,237769
id_P047,id_P047.jpg,id_P047.jpg,원본 파일 연결,716x1000,224524
id_P048,id_P048.jpg,id_P048.jpg,원본 파일 연결,716x1000,214250
id_P049,id_P049.jpg,id_P049.jpg,원본 파일 연결,716x1000,228788
id_P050,id_P050.jpg,id_P050.jpg,원본 파일 연결,716x1000,218041
id_P051,id_P051.jpg,id_P051.jpg,원본 파일 연결,716x1000,209309
id_P052,id_P052.jpg,id_P052.jpg,원본 파일 연결,716x1000,230802
id_P053,id_P053.jpg,id_P053.jpg,원본 파일 연결,716x1000,210480
id_P054,id_P054.jpg,id_P054.jpg,원본 파일 연결,716x1000,273106
id_P055,id_P055.jpg,id_P055.jpg,원본 파일 연결,716x1000,214679
id_P056,id_P056.jpg,id_P056.jpg,원본 파일 연결,716x1000,212191
id_P057,id_P057.jpg,id_P057.jpg,원본 파일 연결,716x1000,221238
id_P058,id_P058.jpg,id_P058.jpg,원본 파일 연결,716x1000,220079
id_P059,id_P059.jpg,id_P059.jpg,원본 파일 연결,716x1000,199584
id_P060,id_P060.jpg,id_P060.jpg,원본 파일 연결,716x1000,220088
id_P061,id_P061.jpg,id_P061.jpg,원본 파일 연결,716x1000,271100
id_P062,id_P062.jpg,id_P062.jpg,원본 파일 연결,716x1000,224276
id_P063,id_P063.jpg,id_P063.jpg,원본 파일 연결,716x1000,237300
id_P064,id_P064.jpg,id_P064.jpg,원본 파일 연결,716x1000,204908
id_P065,id_P065.jpg,id_P065.jpg,원본 파일 연결,716x1000,220075
id_P066,id_P066.jpg,id_P066.jpg,원본 파일 연결,716x1000,236179
id_P067,id_P067.jpg,id_P067.jpg,원본 파일 연결,716x1000,209024
id_P068,id_P068.jpg,id_P068.jpg,원본 파일 연결,716x1000,198991
id_P069,id_P069.jpg,id_P069.jpg,원본 파일 연결,716x1000,182728
id_P070,id_P070.jpg,id_P070.jpg,원본 파일 연결,716x1000,227188
id_P071,id_P071.jpg,id_P071.jpg,원본 파일 연결,716x1000,240676
id_P072,id_P072.jpg,id_P072.jpg,원본 파일 연결,716x1000,206277
id_P073,id_P073.jpg,id_P073.jpg,원본 파일 연결,716x1000,210560
id_P074,id_P074.jpg,id_P074.jpg,원본 파일 연결,716x1000,227057
id_P075,id_P075.jpg,id_P075.jpg,원본 파일 연결,716x1000,216438
id_P076,id_P076.jpg,id_P076.jpg,원본 파일 연결,716x1000,243176
id_P077,id_P077.jpg,id_P077.jpg,원본 파일 연결,716x1000,253714
id_P078,id_P078.jpg,id_P078.jpg,원본 파일 연결,716x1000,243432
id_P079,id_P079.jpg,id_P079.jpg,원본 파일 연결,716x1000,272026
id_P080,id_P080.jpg,id_P080.jpg,원본 파일 연결,716x1000,248107
id_P081,id_P081.jpg,id_P081.jpg,원본 파일 연결,716x1000,226094
id_P082,id_P082.jpg,id_P082.jpg,원본 파일 연결,716x1000,200610
id_P083,id_P083.jpg,id_P083.jpg,원본 파일 연결,716x1000,223701
id_P084,id_P084.jpg,id_P084.jpg,원본 파일 연결,716x1000,198393
id_P085,id_P085.jpg,id_P085.jpg,원본 파일 연결,716x1000,199706
id_P086,id_P086.jpg,id_P086.jpg,원본 파일 연결,716x1000,211157
id_P087,id_P087.jpg,id_P087.jpg,원본 파일 연결,716x1000,205889
id_P088,id_P088.jpg,id_P088.jpg,원본 파일 연결,716x1000,212954
id_P089,ID_P089_遠山銀司郎_CP.jpg,id_P089.jpg,원본 파일 연결,616x861,449905
id_P090,ID_P090_イーサン・本堂_CP.jpg,id_P090.jpg,원본 파일 연결,616x861,495336
id_P092,ID_P092_犯人_CP.jpg,id_P092.jpg,원본 파일 연결,616x861,378413
