ID,이름,series,사유
id_0027,遠山和葉,,프로모(PR…) 코드 — 박스/덱 시리즈 아님 (육안 확인)
id_0063,世良真純,,프로모(PR…) 코드 — 박스/덱 시리즈 아님 (육안 확인)
id_0086,ジン,,프로모(PR…) 코드 — 박스/덱 시리즈 아님 (육안 확인)
id_0093,工藤新一,,프로모(PR…) 코드 — 박스/덱 시리즈 아님 (육안 확인)
id_0106,服部平次,,프로모(PR…) 코드 — 박스/덱 시리즈 아님 (육안 확인)
id_0108,遠山和葉,,프로모(PR…) 코드 — 박스/덱 시리즈 아님 (육안 확인)
id_0109,遠山和葉,,프로모(PR…) 코드 — 박스/덱 시리즈 아님 (육안 확인)
id_0120,怪盗キッド,,프로모(PR…) 코드 — 박스/덱 시리즈 아님 (육안 확인)
id_0122,中森青子,,프로모(PR…) 코드 — 박스/덱 시리즈 아님 (육안 확인)
id_0147,降谷零,,프로모(PR…) 코드 — 박스/덱 시리즈 아님 (육안 확인)
id_0161,江戸川コナン,,프로모(PR…) 코드 — 박스/덱 시리즈 아님 (육안 확인)
id_0162,……なるほどな…,,프로모(PR…) 코드 — 박스/덱 시리즈 아님 (육안 확인)
id_0163,そーいう事かいな…,,프로모(PR…) 코드 — 박스/덱 시리즈 아님 (육안 확인)
id_0187,水色の想い出,,프로모(PR…) 코드 — 박스/덱 시리즈 아님 (육안 확인)
id_0204,浪花の連続殺人事件,,프로모(PR…) 코드 — 박스/덱 시리즈 아님 (육안 확인)
id_0215,中森青子,,프로모(PR…) 코드 — 박스/덱 시리즈 아님 (육안 확인)
id_0238,安室透,,프로모(PR…) 코드 — 박스/덱 시리즈 아님 (육안 확인)
id_0253,毛利蘭,,프로모(PR…) 코드 — 박스/덱 시리즈 아님 (육안 확인)
id_0254,白馬探,,프로모(PR…) 코드 — 박스/덱 시리즈 아님 (육안 확인)
id_0256,白鳥任三郎,,프로모(PR…) 코드 — 박스/덱 시리즈 아님 (육안 확인)
id_0257,毛利蘭,,프로모(PR…) 코드 — 박스/덱 시리즈 아님 (육안 확인)
id_0258,平成のホームズ,,프로모(PR…) 코드 — 박스/덱 시리즈 아님 (육안 확인)
id_0259,灰原哀,,프로모(PR…) 코드 — 박스/덱 시리즈 아님 (육안 확인)
id_0262,江戸川コナン,,프로모(PR…) 코드 — 박스/덱 시리즈 아님 (육안 확인)
id_0347,萩原千速,,프로모(PR…) 코드 — 박스/덱 시리즈 아님 (육안 확인)
id_0378,ベルモット,,프로모(PR…) 코드 — 박스/덱 시리즈 아님 (육안 확인)
id_0399,大岡紅葉,,프로모(PR…) 코드 — 박스/덱 시리즈 아님 (육안 확인)
id_0400,鈴木園子,,프로모(PR…) 코드 — 박스/덱 시리즈 아님 (육안 확인)
id_0401,世良真純,,프로모(PR…) 코드 — 박스/덱 시리즈 아님 (육안 확인)
id_0402,諸伏高明,,프로모(PR…) 코드 — 박스/덱 시리즈 아님 (육안 확인)
id_0403,毛利小五郎,,프로모(PR…) 코드 — 박스/덱 시리즈 아님 (육안 확인)
id_0404,服部平次,,프로모(PR…) 코드 — 박스/덱 시리즈 아님 (육안 확인)
id_0405,中森銀三,,프로모(PR…) 코드 — 박스/덱 시리즈 아님 (육안 확인)
id_0406,RUM!!,,프로모(PR…) 코드 — 박스/덱 시리즈 아님 (육안 확인)
id_0407,探偵の目,,프로모(PR…) 코드 — 박스/덱 시리즈 아님 (육안 확인)
id_0461,萩原千速,,프로모(PR…) 코드 — 박스/덱 시리즈 아님 (육안 확인)
id_0479,「またまたわたしの勝ちね!」,,프로모(PR…) 코드 — 박스/덱 시리즈 아님 (육안 확인)
id_0480,妃英理,,프로모(PR…) 코드 — 박스/덱 시리즈 아님 (육안 확인)
id_0481,沖矢昴,,프로모(PR…) 코드 — 박스/덱 시리즈 아님 (육안 확인)
id_0482,伊達航,,프로모(PR…) 코드 — 박스/덱 시리즈 아님 (육안 확인)
id_0483,バーボン,,프로모(PR…) 코드 — 박스/덱 시리즈 아님 (육안 확인)
id_0484,安室透,,프로모(PR…) 코드 — 박스/덱 시리즈 아님 (육안 확인)
id_0485,遠山和葉,,프로모(PR…) 코드 — 박스/덱 시리즈 아님 (육안 확인)
id_0486,工藤有希子,,프로모(PR…) 코드 — 박스/덱 시리즈 아님 (육안 확인)
id_0487,宮野厚司,,프로모(PR…) 코드 — 박스/덱 시리즈 아님 (육안 확인)
id_0488,萩原研二,,프로모(PR…) 코드 — 박스/덱 시리즈 아님 (육안 확인)
id_0489,江戸川コナン,,프로모(PR…) 코드 — 박스/덱 시리즈 아님 (육안 확인)
id_0501,諸伏高明,,프로모(PR…) 코드 — 박스/덱 시리즈 아님 (육안 확인)
id_0502,上原由衣,,프로모(PR…) 코드 — 박스/덱 시리즈 아님 (육안 확인)
id_0618,江戸川コナン,,프로모(PR…) 코드 — 박스/덱 시리즈 아님 (육안 확인)
id_0619,諸伏景光,,프로모(PR…) 코드 — 박스/덱 시리즈 아님 (육안 확인)
id_0620,灰原哀,,프로모(PR…) 코드 — 박스/덱 시리즈 아님 (육안 확인)
id_0621,伊織無我,,프로모(PR…) 코드 — 박스/덱 시리즈 아님 (육안 확인)
id_0622,工藤優作,,프로모(PR…) 코드 — 박스/덱 시리즈 아님 (육안 확인)
id_0623,ラム,,프로모(PR…) 코드 — 박스/덱 시리즈 아님 (육안 확인)
id_0624,阿笠博士,,프로모(PR…) 코드 — 박스/덱 시리즈 아님 (육안 확인)
id_0625,「もう少し引き付けろ…」,,프로모(PR…) 코드 — 박스/덱 시리즈 아님 (육안 확인)
id_0626,安室透,,프로모(PR…) 코드 — 박스/덱 시리즈 아님 (육안 확인)
id_0627,犯人,,프로모(PR…) 코드 — 박스/덱 시리즈 아님 (육안 확인)
id_0705,萩原研二,,프로모(PR…) 코드 — 박스/덱 시리즈 아님 (육안 확인)
id_0706,萩原千速,,프로모(PR…) 코드 — 박스/덱 시리즈 아님 (육안 확인)
id_0727,毛利小五郎,,프로모(PR…) 코드 — 박스/덱 시리즈 아님 (육안 확인)
id_0728,灰原哀,,프로모(PR…) 코드 — 박스/덱 시리즈 아님 (육안 확인)
id_0729,「助けて平次ィ!!!」,,프로모(PR…) 코드 — 박스/덱 시리즈 아님 (육안 확인)
id_0730,京極真,,프로모(PR…) 코드 — 박스/덱 시리즈 아님 (육안 확인)
id_0731,アンドレ・キャメル,,프로모(PR…) 코드 — 박스/덱 시리즈 아님 (육안 확인)
id_0732,目暮十三,,프로모(PR…) 코드 — 박스/덱 시리즈 아님 (육안 확인)
id_0832,ブルーサファイア,,프로모(PR…) 코드 — 박스/덱 시리즈 아님 (육안 확인)
id_0833,江戸川コナン,,프로모(PR…) 코드 — 박스/덱 시리즈 아님 (육안 확인)
id_0834,大滝悟郎,,프로모(PR…) 코드 — 박스/덱 시리즈 아님 (육안 확인)
id_0835,鈴木次郎吉,,프로모(PR…) 코드 — 박스/덱 시리즈 아님 (육안 확인)
id_0836,キール,,프로모(PR…) 코드 — 박스/덱 시리즈 아님 (육안 확인)
id_0837,「この勝負、もろたで工藤!!!」,,프로모(PR…) 코드 — 박스/덱 시리즈 아님 (육안 확인)
id_0931,ジン,,프로모(PR…) 코드 — 박스/덱 시리즈 아님 (육안 확인)
id_0932,毛利蘭,,프로모(PR…) 코드 — 박스/덱 시리즈 아님 (육안 확인)
id_0933,メアリー,,프로모(PR…) 코드 — 박스/덱 시리즈 아님 (육안 확인)
id_0934,大和敢助,,프로모(PR…) 코드 — 박스/덱 시리즈 아님 (육안 확인)
id_0935,犯人,,프로모(PR…) 코드 — 박스/덱 시리즈 아님 (육안 확인)
id_0940,萩原千速,,프로모(PR…) 코드 — 박스/덱 시리즈 아님 (육안 확인)
id_1037,ジン,,프로모(PR…) 코드 — 박스/덱 시리즈 아님 (육안 확인)
id_1053,遠山銀司郎,,프로모(PR…) 코드 — 박스/덱 시리즈 아님 (육안 확인)
id_1054,怪盗キッド,,프로모(PR…) 코드 — 박스/덱 시리즈 아님 (육안 확인)
id_1055,宮野明美,,프로모(PR…) 코드 — 박스/덱 시리즈 아님 (육안 확인)
id_1056,風見裕也,,프로모(PR…) 코드 — 박스/덱 시리즈 아님 (육안 확인)
id_1057,工藤新一,,프로모(PR…) 코드 — 박스/덱 시리즈 아님 (육안 확인)
id_1058,萩原千速,,프로모(PR…) 코드 — 박스/덱 시리즈 아님 (육안 확인)
id_1059,ハイウェイの堕天使,,프로모(PR…) 코드 — 박스/덱 시리즈 아님 (육안 확인)
id_1060,円谷光彦,,프로모(PR…) 코드 — 박스/덱 시리즈 아님 (육안 확인)
id_1061,沖田総司,,프로모(PR…) 코드 — 박스/덱 시리즈 아님 (육안 확인)
id_1062,紫紅の爪,,프로모(PR…) 코드 — 박스/덱 시리즈 아님 (육안 확인)
id_1063,キャンティ,,프로모(PR…) 코드 — 박스/덱 시리즈 아님 (육안 확인)
id_1064,TVアニメ「名探偵コナン」放送30周年!,,프로모(PR…) 코드 — 박스/덱 시리즈 아님 (육안 확인)
id_1117,世良真純,,프로모(PR…) 코드 — 박스/덱 시리즈 아님 (육안 확인)
id_1158,萩原研二,,프로모(PR…) 코드 — 박스/덱 시리즈 아님 (육안 확인)
id_1159,コナン界のかっ飛び女大集合!(笑),,특별 코드(SP019) — 박스/덱 시리즈 아님 (육안 확인)
id_1160,灰原哀,,프로모(PR…) 코드 — 박스/덱 시리즈 아님 (육안 확인)
id_1161,ジョディ・スターリング,,프로모(PR…) 코드 — 박스/덱 시리즈 아님 (육안 확인)
id_1162,降谷零,,프로모(PR…) 코드 — 박스/덱 시리즈 아님 (육안 확인)
id_1163,ベルモット,,프로모(PR…) 코드 — 박스/덱 시리즈 아님 (육안 확인)
id_1164,警察学校の風呂掃除,,프로모(PR…) 코드 — 박스/덱 시리즈 아님 (육안 확인)
id_P001,江戸川コナン,,프로모(PR…) 코드 — 박스/덱 시리즈 아님 (육안 확인)
id_P002,服部平次&怪盗キッド,,프로모(PR…) 코드 — 박스/덱 시리즈 아님 (육안 확인)
id_P003,服部平次,,프로모(PR…) 코드 — 박스/덱 시리즈 아님 (육안 확인)
id_P005,赤井秀一,,프로모(PR…) 코드 — 박스/덱 시리즈 아님 (육안 확인)
id_P006,安室透,,프로모(PR…) 코드 — 박스/덱 시리즈 아님 (육안 확인)
id_P009,毛利小五郎,,프로모(PR…) 코드 — 박스/덱 시리즈 아님 (육안 확인)
id_P014,江戸川コナン＆工藤新一,,프로모(PR…) 코드 — 박스/덱 시리즈 아님 (육안 확인)
id_P021,佐藤美和子,,프로모(PR…) 코드 — 박스/덱 시리즈 아님 (육안 확인)
id_P029,ベルモット,,프로모(PR…) 코드 — 박스/덱 시리즈 아님 (육안 확인)
id_P031,毛利蘭,,프로모(PR…) 코드 — 박스/덱 시리즈 아님 (육안 확인)
id_P032,遠山和葉,,프로모(PR…) 코드 — 박스/덱 시리즈 아님 (육안 확인)
id_P033,鈴木園子,,프로모(PR…) 코드 — 박스/덱 시리즈 아님 (육안 확인)
id_P044,上原由衣,,프로모(PR…) 코드 — 박스/덱 시리즈 아님 (육안 확인)
id_P045,江戸川コナン&毛利蘭&毛利小五郎,,프로모(PR…) 코드 — 박스/덱 시리즈 아님 (육안 확인)
id_P046,大和敢助&諸伏高明&上原由衣,,프로모(PR…) 코드 — 박스/덱 시리즈 아님 (육안 확인)
id_P067,小泉紅子,,프로모(PR…) 코드 — 박스/덱 시리즈 아님 (육안 확인)
id_P076,萩原千速,,프로모(PR…) 코드 — 박스/덱 시리즈 아님 (육안 확인)
id_P078,江戸川コナン&毛利蘭,,프로모(PR…) 코드 — 박스/덱 시리즈 아님 (육안 확인)
id_P080,江戸川コナン&世良真純,,프로모(PR…) 코드 — 박스/덱 시리즈 아님 (육안 확인)
id_P081,萩原千速&横溝重悟&萩原研二&松田陣平,,프로모(PR…) 코드 — 박스/덱 시리즈 아님 (육안 확인)
